date,repository,views,unique views,clones,unique clones
2025-04-25,nasa/AppEEARS-Data-Resources,8,3,0,0
2025-04-26,nasa/AppEEARS-Data-Resources,2,2,2,2
2025-04-27,nasa/AppEEARS-Data-Resources,8,4,1,1
2025-04-28,nasa/AppEEARS-Data-Resources,17,8,0,0
2025-04-29,nasa/AppEEARS-Data-Resources,28,8,1,1
2025-04-30,nasa/AppEEARS-Data-Resources,86,8,3,3
2025-05-01,nasa/AppEEARS-Data-Resources,19,11,1,1
2025-05-02,nasa/AppEEARS-Data-Resources,43,5,5,5
2025-05-03,nasa/AppEEARS-Data-Resources,17,12,3,3
2025-05-04,nasa/AppEEARS-Data-Resources,7,5,1,1
2025-05-05,nasa/AppEEARS-Data-Resources,41,14,1,1
2025-05-06,nasa/AppEEARS-Data-Resources,15,9,0,0
2025-05-07,nasa/AppEEARS-Data-Resources,31,13,0,0
2025-05-08,nasa/AppEEARS-Data-Resources,18,12,1,1
2025-05-09,nasa/AppEEARS-Data-Resources,8,6,3,3
2025-04-25,nasa/ECOSTRESS-Data-Resources,5,3,1,1
2025-04-26,nasa/ECOSTRESS-Data-Resources,10,2,6,5
2025-04-27,nasa/ECOSTRESS-Data-Resources,6,1,4,3
2025-04-28,nasa/ECOSTRESS-Data-Resources,17,9,0,0
2025-04-29,nasa/ECOSTRESS-Data-Resources,32,6,0,0
2025-04-30,nasa/ECOSTRESS-Data-Resources,18,11,0,0
2025-05-01,nasa/ECOSTRESS-Data-Resources,8,7,1,1
2025-05-02,nasa/ECOSTRESS-Data-Resources,7,3,1,1
2025-05-03,nasa/ECOSTRESS-Data-Resources,1,1,2,2
2025-05-04,nasa/ECOSTRESS-Data-Resources,2,2,2,2
2025-05-05,nasa/ECOSTRESS-Data-Resources,38,6,1,1
2025-05-06,nasa/ECOSTRESS-Data-Resources,24,7,0,0
2025-05-07,nasa/ECOSTRESS-Data-Resources,31,9,0,0
2025-05-08,nasa/ECOSTRESS-Data-Resources,8,5,1,1
2025-05-09,nasa/ECOSTRESS-Data-Resources,14,5,4,4
2025-04-25,nasa/EMIT-Data-Resources,31,10,1,1
2025-04-26,nasa/EMIT-Data-Resources,59,10,5,5
2025-04-27,nasa/EMIT-Data-Resources,23,8,4,3
2025-04-28,nasa/EMIT-Data-Resources,55,17,2,2
2025-04-29,nasa/EMIT-Data-Resources,117,29,0,0
2025-04-30,nasa/EMIT-Data-Resources,41,22,1,1
2025-05-01,nasa/EMIT-Data-Resources,75,23,1,1
2025-05-02,nasa/EMIT-Data-Resources,113,17,2,2
2025-05-03,nasa/EMIT-Data-Resources,10,6,3,3
2025-05-04,nasa/EMIT-Data-Resources,10,6,1,1
2025-05-05,nasa/EMIT-Data-Resources,40,17,2,2
2025-05-06,nasa/EMIT-Data-Resources,67,19,0,0
2025-05-07,nasa/EMIT-Data-Resources,26,13,0,0
2025-05-08,nasa/EMIT-Data-Resources,37,11,7,3
2025-05-09,nasa/EMIT-Data-Resources,25,10,4,4
2025-04-25,nasa/GEDI-Data-Resources,6,2,1,1
2025-04-26,nasa/GEDI-Data-Resources,4,3,5,5
2025-04-27,nasa/GEDI-Data-Resources,33,6,4,4
2025-04-28,nasa/GEDI-Data-Resources,55,14,0,0
2025-04-29,nasa/GEDI-Data-Resources,121,14,2,2
2025-04-30,nasa/GEDI-Data-Resources,66,20,0,0
2025-05-01,nasa/GEDI-Data-Resources,35,5,0,0
2025-05-02,nasa/GEDI-Data-Resources,66,9,2,2
2025-05-03,nasa/GEDI-Data-Resources,12,6,3,3
2025-05-04,nasa/GEDI-Data-Resources,18,4,2,2
2025-05-05,nasa/GEDI-Data-Resources,49,16,2,2
2025-05-06,nasa/GEDI-Data-Resources,33,11,0,0
2025-05-07,nasa/GEDI-Data-Resources,32,15,4,1
2025-05-08,nasa/GEDI-Data-Resources,43,12,2,2
2025-05-09,nasa/GEDI-Data-Resources,10,6,5,5
2025-04-25,nasa/HLS-Data-Resources,32,5,0,0
2025-04-26,nasa/HLS-Data-Resources,18,3,2,2
2025-04-27,nasa/HLS-Data-Resources,37,9,1,1
2025-04-28,nasa/HLS-Data-Resources,81,20,1,1
2025-04-29,nasa/HLS-Data-Resources,44,21,3,2
2025-04-30,nasa/HLS-Data-Resources,42,15,0,0
2025-05-01,nasa/HLS-Data-Resources,34,15,0,0
2025-05-02,nasa/HLS-Data-Resources,22,9,1,1
2025-05-03,nasa/HLS-Data-Resources,29,10,2,2
2025-05-04,nasa/HLS-Data-Resources,11,5,1,1
2025-05-05,nasa/HLS-Data-Resources,68,8,1,1
2025-05-06,nasa/HLS-Data-Resources,41,10,0,0
2025-05-07,nasa/HLS-Data-Resources,55,14,1,1
2025-05-08,nasa/HLS-Data-Resources,40,16,1,1
2025-05-09,nasa/HLS-Data-Resources,24,13,3,3
2025-04-25,nasa/LPDAAC-Data-Resources,6,3,1,1
2025-04-26,nasa/LPDAAC-Data-Resources,12,6,5,5
2025-04-27,nasa/LPDAAC-Data-Resources,64,13,7,6
2025-04-28,nasa/LPDAAC-Data-Resources,38,17,2,2
2025-04-29,nasa/LPDAAC-Data-Resources,33,16,2,1
2025-04-30,nasa/LPDAAC-Data-Resources,71,17,0,0
2025-05-01,nasa/LPDAAC-Data-Resources,23,8,1,1
2025-05-02,nasa/LPDAAC-Data-Resources,82,21,1,1
2025-05-03,nasa/LPDAAC-Data-Resources,3,3,3,3
2025-05-04,nasa/LPDAAC-Data-Resources,26,11,2,2
2025-05-05,nasa/LPDAAC-Data-Resources,31,14,6,5
2025-05-06,nasa/LPDAAC-Data-Resources,33,16,0,0
2025-05-07,nasa/LPDAAC-Data-Resources,22,14,1,1
2025-05-08,nasa/LPDAAC-Data-Resources,28,13,4,4
2025-05-09,nasa/LPDAAC-Data-Resources,48,12,5,4
2025-04-25,nasa/VITALS,10,3,1,1
2025-04-26,nasa/VITALS,2,1,6,6
2025-04-27,nasa/VITALS,1,1,4,3
2025-04-28,nasa/VITALS,20,5,0,0
2025-04-29,nasa/VITALS,16,4,0,0
2025-04-30,nasa/VITALS,8,3,0,0
2025-05-01,nasa/VITALS,27,5,1,1
2025-05-02,nasa/VITALS,5,2,0,0
2025-05-03,nasa/VITALS,2,1,3,3
2025-05-07,nasa/VITALS,5,3,0,0
2025-05-08,nasa/VITALS,3,2,3,3
2025-05-09,nasa/VITALS,16,5,5,4
2025-05-10,nasa/AppEEARS-Data-Resources,9,4,1,1
2025-05-11,nasa/AppEEARS-Data-Resources,11,5,3,3
2025-05-12,nasa/AppEEARS-Data-Resources,11,7,2,2
2025-05-13,nasa/AppEEARS-Data-Resources,14,10,0,0
2025-05-14,nasa/AppEEARS-Data-Resources,44,13,3,2
2025-05-15,nasa/AppEEARS-Data-Resources,28,11,3,3
2025-05-16,nasa/AppEEARS-Data-Resources,30,12,1,1
2025-05-17,nasa/AppEEARS-Data-Resources,7,4,2,2
2025-05-18,nasa/AppEEARS-Data-Resources,9,5,1,1
2025-05-19,nasa/AppEEARS-Data-Resources,31,13,2,2
2025-05-20,nasa/AppEEARS-Data-Resources,18,10,0,0
2025-05-21,nasa/AppEEARS-Data-Resources,22,11,3,2
2025-05-22,nasa/AppEEARS-Data-Resources,7,4,3,2
2025-05-23,nasa/AppEEARS-Data-Resources,18,9,0,0
2025-05-10,nasa/ECOSTRESS-Data-Resources,6,4,4,3
2025-05-11,nasa/ECOSTRESS-Data-Resources,17,6,2,2
2025-05-12,nasa/ECOSTRESS-Data-Resources,53,6,6,6
2025-05-13,nasa/ECOSTRESS-Data-Resources,28,9,1,1
2025-05-14,nasa/ECOSTRESS-Data-Resources,22,6,2,2
2025-05-15,nasa/ECOSTRESS-Data-Resources,10,9,2,2
2025-05-16,nasa/ECOSTRESS-Data-Resources,16,9,1,1
2025-05-17,nasa/ECOSTRESS-Data-Resources,28,5,2,2
2025-05-18,nasa/ECOSTRESS-Data-Resources,5,3,1,1
2025-05-19,nasa/ECOSTRESS-Data-Resources,26,7,1,1
2025-05-20,nasa/ECOSTRESS-Data-Resources,17,3,0,0
2025-05-21,nasa/ECOSTRESS-Data-Resources,12,4,2,1
2025-05-22,nasa/ECOSTRESS-Data-Resources,11,8,3,2
2025-05-23,nasa/ECOSTRESS-Data-Resources,18,6,1,1
2025-05-10,nasa/EMIT-Data-Resources,7,6,1,1
2025-05-11,nasa/EMIT-Data-Resources,29,10,2,2
2025-05-12,nasa/EMIT-Data-Resources,142,23,5,5
2025-05-13,nasa/EMIT-Data-Resources,169,25,6,6
2025-05-14,nasa/EMIT-Data-Resources,77,23,4,4
2025-05-15,nasa/EMIT-Data-Resources,114,31,1,1
2025-05-16,nasa/EMIT-Data-Resources,126,30,2,2
2025-05-17,nasa/EMIT-Data-Resources,36,12,2,2
2025-05-18,nasa/EMIT-Data-Resources,34,14,2,2
2025-05-19,nasa/EMIT-Data-Resources,203,28,3,3
2025-05-20,nasa/EMIT-Data-Resources,149,31,2,2
2025-05-21,nasa/EMIT-Data-Resources,188,33,4,3
2025-05-22,nasa/EMIT-Data-Resources,131,32,3,2
2025-05-23,nasa/EMIT-Data-Resources,53,17,1,1
2025-05-10,nasa/GEDI-Data-Resources,13,7,1,1
2025-05-11,nasa/GEDI-Data-Resources,10,8,2,2
2025-05-12,nasa/GEDI-Data-Resources,30,9,6,5
2025-05-13,nasa/GEDI-Data-Resources,84,19,1,1
2025-05-14,nasa/GEDI-Data-Resources,57,16,1,1
2025-05-15,nasa/GEDI-Data-Resources,66,15,3,3
2025-05-16,nasa/GEDI-Data-Resources,32,15,2,2
2025-05-17,nasa/GEDI-Data-Resources,21,6,1,1
2025-05-18,nasa/GEDI-Data-Resources,6,2,1,1
2025-05-19,nasa/GEDI-Data-Resources,61,16,1,1
2025-05-20,nasa/GEDI-Data-Resources,184,18,7,6
2025-05-21,nasa/GEDI-Data-Resources,66,22,3,2
2025-05-22,nasa/GEDI-Data-Resources,67,23,5,4
2025-05-23,nasa/GEDI-Data-Resources,34,12,2,2
2025-05-10,nasa/HLS-Data-Resources,13,6,0,0
2025-05-11,nasa/HLS-Data-Resources,7,4,3,3
2025-05-12,nasa/HLS-Data-Resources,83,16,3,3
2025-05-13,nasa/HLS-Data-Resources,73,21,0,0
2025-05-14,nasa/HLS-Data-Resources,74,24,1,1
2025-05-15,nasa/HLS-Data-Resources,31,18,3,3
2025-05-16,nasa/HLS-Data-Resources,44,13,1,1
2025-05-17,nasa/HLS-Data-Resources,25,6,1,1
2025-05-18,nasa/HLS-Data-Resources,27,5,1,1
2025-05-19,nasa/HLS-Data-Resources,99,14,1,1
2025-05-20,nasa/HLS-Data-Resources,67,18,2,2
2025-05-21,nasa/HLS-Data-Resources,32,17,3,2
2025-05-22,nasa/HLS-Data-Resources,67,14,3,2
2025-05-23,nasa/HLS-Data-Resources,38,13,2,2
2025-05-10,nasa/LPDAAC-Data-Resources,19,7,4,3
2025-05-11,nasa/LPDAAC-Data-Resources,5,5,3,3
2025-05-12,nasa/LPDAAC-Data-Resources,16,10,6,6
2025-05-13,nasa/LPDAAC-Data-Resources,14,8,1,1
2025-05-14,nasa/LPDAAC-Data-Resources,74,14,6,6
2025-05-15,nasa/LPDAAC-Data-Resources,57,19,3,3
2025-05-16,nasa/LPDAAC-Data-Resources,43,11,1,1
2025-05-17,nasa/LPDAAC-Data-Resources,13,7,3,3
2025-05-18,nasa/LPDAAC-Data-Resources,6,4,2,2
2025-05-19,nasa/LPDAAC-Data-Resources,51,15,1,1
2025-05-20,nasa/LPDAAC-Data-Resources,22,13,0,0
2025-05-21,nasa/LPDAAC-Data-Resources,41,20,8,6
2025-05-22,nasa/LPDAAC-Data-Resources,37,14,4,3
2025-05-23,nasa/LPDAAC-Data-Resources,26,11,2,2
2025-05-11,nasa/VITALS,2,2,2,2
2025-05-12,nasa/VITALS,7,4,6,5
2025-05-13,nasa/VITALS,44,11,1,1
2025-05-14,nasa/VITALS,48,11,8,5
2025-05-15,nasa/VITALS,20,6,2,2
2025-05-16,nasa/VITALS,152,18,16,12
2025-05-17,nasa/VITALS,14,5,2,2
2025-05-18,nasa/VITALS,4,2,1,1
2025-05-19,nasa/VITALS,227,5,49,27
2025-05-20,nasa/VITALS,97,12,47,8
2025-05-21,nasa/VITALS,46,23,32,27
2025-05-22,nasa/VITALS,19,11,6,5
2025-05-23,nasa/VITALS,15,4,4,3
2025-05-24,nasa/AppEEARS-Data-Resources,12,5,1,1
2025-05-25,nasa/AppEEARS-Data-Resources,21,7,1,1
2025-05-26,nasa/AppEEARS-Data-Resources,16,9,2,2
2025-05-27,nasa/AppEEARS-Data-Resources,16,7,1,1
2025-05-28,nasa/AppEEARS-Data-Resources,19,7,4,3
2025-05-29,nasa/AppEEARS-Data-Resources,21,7,1,1
2025-05-24,nasa/ECOSTRESS-Data-Resources,1,1,2,2
2025-05-25,nasa/ECOSTRESS-Data-Resources,11,3,3,3
2025-05-26,nasa/ECOSTRESS-Data-Resources,13,5,3,2
2025-05-27,nasa/ECOSTRESS-Data-Resources,14,5,1,1
2025-05-28,nasa/ECOSTRESS-Data-Resources,18,7,2,2
2025-05-29,nasa/ECOSTRESS-Data-Resources,17,6,2,2
2025-05-24,nasa/EMIT-Data-Resources,38,7,4,4
2025-05-25,nasa/EMIT-Data-Resources,28,8,3,3
2025-05-26,nasa/EMIT-Data-Resources,72,18,5,5
2025-05-27,nasa/EMIT-Data-Resources,169,32,3,2
2025-05-28,nasa/EMIT-Data-Resources,127,32,2,2
2025-05-29,nasa/EMIT-Data-Resources,74,21,3,3
2025-05-24,nasa/GEDI-Data-Resources,10,3,3,3
2025-05-25,nasa/GEDI-Data-Resources,17,11,2,2
2025-05-26,nasa/GEDI-Data-Resources,76,15,3,3
2025-05-27,nasa/GEDI-Data-Resources,80,18,3,3
2025-05-28,nasa/GEDI-Data-Resources,38,14,4,4
2025-05-29,nasa/GEDI-Data-Resources,33,12,2,2
2025-05-24,nasa/HLS-Data-Resources,38,10,3,3
2025-05-25,nasa/HLS-Data-Resources,54,10,2,2
2025-05-26,nasa/HLS-Data-Resources,98,20,2,2
2025-05-27,nasa/HLS-Data-Resources,97,27,3,3
2025-05-28,nasa/HLS-Data-Resources,48,22,4,4
2025-05-29,nasa/HLS-Data-Resources,25,14,1,1
2025-05-24,nasa/LPDAAC-Data-Resources,11,6,3,3
2025-05-25,nasa/LPDAAC-Data-Resources,6,5,4,3
2025-05-26,nasa/LPDAAC-Data-Resources,15,8,4,4
2025-05-27,nasa/LPDAAC-Data-Resources,27,13,3,2
2025-05-28,nasa/LPDAAC-Data-Resources,49,14,3,3
2025-05-29,nasa/LPDAAC-Data-Resources,66,11,1,1
2025-05-26,nasa/VITALS,4,2,3,3
2025-05-27,nasa/VITALS,4,4,2,2
2025-05-28,nasa/VITALS,14,2,1,1
2025-05-29,nasa/VITALS,7,3,1,1
2025-05-30,nasa/AppEEARS-Data-Resources,12,6,3,3
2025-05-31,nasa/AppEEARS-Data-Resources,39,5,1,1
2025-06-01,nasa/AppEEARS-Data-Resources,12,5,4,3
2025-06-02,nasa/AppEEARS-Data-Resources,12,6,0,0
2025-05-30,nasa/ECOSTRESS-Data-Resources,17,4,1,1
2025-05-31,nasa/ECOSTRESS-Data-Resources,7,3,3,3
2025-06-01,nasa/ECOSTRESS-Data-Resources,11,4,4,3
2025-06-02,nasa/ECOSTRESS-Data-Resources,27,5,0,0
2025-05-30,nasa/EMIT-Data-Resources,35,14,2,2
2025-05-31,nasa/EMIT-Data-Resources,25,9,1,1
2025-06-01,nasa/EMIT-Data-Resources,30,6,3,2
2025-06-02,nasa/EMIT-Data-Resources,31,10,0,0
2025-05-30,nasa/GEDI-Data-Resources,40,11,2,2
2025-05-31,nasa/GEDI-Data-Resources,2,1,1,1
2025-06-01,nasa/GEDI-Data-Resources,20,5,3,2
2025-06-02,nasa/GEDI-Data-Resources,15,6,0,0
2025-05-30,nasa/HLS-Data-Resources,79,25,2,2
2025-05-31,nasa/HLS-Data-Resources,38,15,1,1
2025-06-01,nasa/HLS-Data-Resources,50,9,2,1
2025-06-02,nasa/HLS-Data-Resources,30,10,0,0
2025-05-30,nasa/LPDAAC-Data-Resources,46,15,1,1
2025-05-31,nasa/LPDAAC-Data-Resources,23,9,2,2
2025-06-01,nasa/LPDAAC-Data-Resources,18,6,2,1
2025-06-02,nasa/LPDAAC-Data-Resources,29,9,0,0
2025-05-30,nasa/VITALS,7,3,1,1
2025-05-31,nasa/VITALS,13,5,1,1
2025-06-01,nasa/VITALS,1,1,3,2
2025-06-02,nasa/VITALS,1,1,0,0
2025-06-03,nasa/AppEEARS-Data-Resources,49,10,5,4
2025-06-04,nasa/AppEEARS-Data-Resources,48,17,1,1
2025-06-05,nasa/AppEEARS-Data-Resources,46,16,2,2
2025-06-03,nasa/ECOSTRESS-Data-Resources,16,5,5,4
2025-06-04,nasa/ECOSTRESS-Data-Resources,15,7,2,2
2025-06-05,nasa/ECOSTRESS-Data-Resources,38,14,1,1
2025-06-03,nasa/EMIT-Data-Resources,95,30,4,3
2025-06-04,nasa/EMIT-Data-Resources,92,26,21,10
2025-06-05,nasa/EMIT-Data-Resources,67,24,4,4
2025-06-06,nasa/EMIT-Data-Resources,2,2,0,0
2025-06-03,nasa/GEDI-Data-Resources,52,16,4,4
2025-06-04,nasa/GEDI-Data-Resources,119,20,4,4
2025-06-05,nasa/GEDI-Data-Resources,41,19,5,5
2025-06-03,nasa/HLS-Data-Resources,30,17,3,3
2025-06-04,nasa/HLS-Data-Resources,54,26,6,5
2025-06-05,nasa/HLS-Data-Resources,76,22,4,4
2025-06-06,nasa/HLS-Data-Resources,2,1,0,0
2025-06-03,nasa/LPDAAC-Data-Resources,31,19,5,5
2025-06-04,nasa/LPDAAC-Data-Resources,105,19,8,4
2025-06-05,nasa/LPDAAC-Data-Resources,94,20,5,4
2025-06-03,nasa/VITALS,12,3,2,2
2025-06-04,nasa/VITALS,18,6,1,1
2025-06-05,nasa/VITALS,12,2,3,3
2025-06-06,nasa/AppEEARS-Data-Resources,9,9,1,1
2025-06-07,nasa/AppEEARS-Data-Resources,4,1,1,1
2025-06-08,nasa/AppEEARS-Data-Resources,12,4,3,1
2025-06-09,nasa/AppEEARS-Data-Resources,25,13,5,5
2025-06-10,nasa/AppEEARS-Data-Resources,26,10,1,1
2025-06-11,nasa/AppEEARS-Data-Resources,33,16,5,5
2025-06-12,nasa/AppEEARS-Data-Resources,63,15,8,4
2025-06-06,nasa/ECOSTRESS-Data-Resources,39,9,2,2
2025-06-07,nasa/ECOSTRESS-Data-Resources,13,1,2,2
2025-06-08,nasa/ECOSTRESS-Data-Resources,6,2,3,1
2025-06-09,nasa/ECOSTRESS-Data-Resources,51,7,2,2
2025-06-10,nasa/ECOSTRESS-Data-Resources,12,4,0,0
2025-06-11,nasa/ECOSTRESS-Data-Resources,23,6,3,3
2025-06-12,nasa/ECOSTRESS-Data-Resources,15,8,3,3
2025-06-07,nasa/EMIT-Data-Resources,26,10,1,1
2025-06-08,nasa/EMIT-Data-Resources,10,5,3,1
2025-06-09,nasa/EMIT-Data-Resources,62,21,3,3
2025-06-10,nasa/EMIT-Data-Resources,126,34,2,2
2025-06-11,nasa/EMIT-Data-Resources,101,36,41,6
2025-06-12,nasa/EMIT-Data-Resources,126,27,15,3
2025-06-13,nasa/EMIT-Data-Resources,6,5,0,0
2025-06-06,nasa/GEDI-Data-Resources,52,15,3,2
2025-06-07,nasa/GEDI-Data-Resources,23,5,1,1
2025-06-08,nasa/GEDI-Data-Resources,32,3,5,3
2025-06-09,nasa/GEDI-Data-Resources,51,13,2,2
2025-06-10,nasa/GEDI-Data-Resources,66,17,1,1
2025-06-11,nasa/GEDI-Data-Resources,59,16,2,2
2025-06-12,nasa/GEDI-Data-Resources,75,14,1,1
2025-06-13,nasa/GEDI-Data-Resources,4,2,1,1
2025-06-07,nasa/HLS-Data-Resources,19,2,1,1
2025-06-08,nasa/HLS-Data-Resources,14,5,4,2
2025-06-09,nasa/HLS-Data-Resources,91,21,2,2
2025-06-10,nasa/HLS-Data-Resources,86,27,1,1
2025-06-11,nasa/HLS-Data-Resources,69,28,3,3
2025-06-12,nasa/HLS-Data-Resources,27,13,15,3
2025-06-06,nasa/LPDAAC-Data-Resources,49,14,21,7
2025-06-07,nasa/LPDAAC-Data-Resources,3,3,2,2
2025-06-08,nasa/LPDAAC-Data-Resources,5,3,3,1
2025-06-09,nasa/LPDAAC-Data-Resources,154,57,9,5
2025-06-10,nasa/LPDAAC-Data-Resources,80,23,3,2
2025-06-11,nasa/LPDAAC-Data-Resources,139,28,3,3
2025-06-12,nasa/LPDAAC-Data-Resources,40,15,9,6
2025-06-06,nasa/VITALS,20,5,3,3
2025-06-08,nasa/VITALS,2,2,3,1
2025-06-09,nasa/VITALS,22,7,5,5
2025-06-10,nasa/VITALS,36,18,1,1
2025-06-11,nasa/VITALS,45,10,3,3
2025-06-12,nasa/VITALS,12,7,21,3
2025-06-13,nasa/AppEEARS-Data-Resources,85,17,22,14
2025-06-14,nasa/AppEEARS-Data-Resources,14,6,4,3
2025-06-15,nasa/AppEEARS-Data-Resources,9,4,3,3
2025-06-16,nasa/AppEEARS-Data-Resources,57,15,35,7
2025-06-17,nasa/AppEEARS-Data-Resources,35,12,11,3
2025-06-18,nasa/AppEEARS-Data-Resources,51,18,1,1
2025-06-19,nasa/AppEEARS-Data-Resources,45,14,1,1
2025-06-13,nasa/ECOSTRESS-Data-Resources,68,7,2,2
2025-06-14,nasa/ECOSTRESS-Data-Resources,1,1,4,4
2025-06-15,nasa/ECOSTRESS-Data-Resources,6,3,1,1
2025-06-16,nasa/ECOSTRESS-Data-Resources,27,9,5,5
2025-06-17,nasa/ECOSTRESS-Data-Resources,14,8,4,4
2025-06-18,nasa/ECOSTRESS-Data-Resources,9,5,1,1
2025-06-19,nasa/ECOSTRESS-Data-Resources,12,2,1,1
2025-06-14,nasa/EMIT-Data-Resources,17,8,2,2
2025-06-15,nasa/EMIT-Data-Resources,14,8,1,1
2025-06-16,nasa/EMIT-Data-Resources,64,24,17,3
2025-06-17,nasa/EMIT-Data-Resources,46,24,46,6
2025-06-18,nasa/EMIT-Data-Resources,60,21,6,4
2025-06-19,nasa/EMIT-Data-Resources,62,20,4,2
2025-06-14,nasa/GEDI-Data-Resources,7,4,0,0
2025-06-15,nasa/GEDI-Data-Resources,30,13,1,1
2025-06-16,nasa/GEDI-Data-Resources,35,18,9,3
2025-06-17,nasa/GEDI-Data-Resources,36,14,17,5
2025-06-18,nasa/GEDI-Data-Resources,52,21,2,2
2025-06-19,nasa/GEDI-Data-Resources,36,15,1,1
2025-06-20,nasa/GEDI-Data-Resources,3,2,0,0
2025-06-13,nasa/HLS-Data-Resources,84,12,4,4
2025-06-14,nasa/HLS-Data-Resources,11,6,7,1
2025-06-15,nasa/HLS-Data-Resources,24,7,1,1
2025-06-16,nasa/HLS-Data-Resources,96,23,34,4
2025-06-17,nasa/HLS-Data-Resources,56,22,15,5
2025-06-18,nasa/HLS-Data-Resources,92,25,2,2
2025-06-19,nasa/HLS-Data-Resources,28,11,2,2
2025-06-20,nasa/HLS-Data-Resources,7,2,0,0
2025-06-13,nasa/LPDAAC-Data-Resources,87,17,12,8
2025-06-14,nasa/LPDAAC-Data-Resources,3,2,4,2
2025-06-15,nasa/LPDAAC-Data-Resources,18,4,2,2
2025-06-16,nasa/LPDAAC-Data-Resources,73,22,13,5
2025-06-17,nasa/LPDAAC-Data-Resources,76,26,8,5
2025-06-18,nasa/LPDAAC-Data-Resources,47,14,4,3
2025-06-19,nasa/LPDAAC-Data-Resources,36,9,2,2
2025-06-20,nasa/LPDAAC-Data-Resources,1,1,0,0
2025-06-13,nasa/VITALS,33,5,3,3
2025-06-14,nasa/VITALS,1,1,10,1
2025-06-15,nasa/VITALS,3,2,2,2
2025-06-16,nasa/VITALS,36,7,51,7
2025-06-17,nasa/VITALS,37,8,19,3
2025-06-18,nasa/VITALS,2,2,1,1
2025-06-19,nasa/VITALS,4,3,1,1
2025-06-20,nasa/AppEEARS-Data-Resources,16,10,3,1
2025-06-21,nasa/AppEEARS-Data-Resources,6,5,2,2
2025-06-22,nasa/AppEEARS-Data-Resources,4,2,2,1
2025-06-23,nasa/AppEEARS-Data-Resources,14,11,3,3
2025-06-24,nasa/AppEEARS-Data-Resources,18,12,2,1
2025-06-25,nasa/AppEEARS-Data-Resources,61,15,1,1
2025-06-26,nasa/AppEEARS-Data-Resources,33,10,3,3
2025-06-27,nasa/AppEEARS-Data-Resources,1,1,0,0
2025-06-20,nasa/ECOSTRESS-Data-Resources,7,6,3,1
2025-06-21,nasa/ECOSTRESS-Data-Resources,7,2,4,4
2025-06-22,nasa/ECOSTRESS-Data-Resources,5,2,2,1
2025-06-23,nasa/ECOSTRESS-Data-Resources,25,15,2,2
2025-06-24,nasa/ECOSTRESS-Data-Resources,26,9,1,1
2025-06-25,nasa/ECOSTRESS-Data-Resources,23,8,1,1
2025-06-26,nasa/ECOSTRESS-Data-Resources,20,7,2,2
2025-06-20,nasa/EMIT-Data-Resources,33,12,4,2
2025-06-21,nasa/EMIT-Data-Resources,11,2,0,0
2025-06-22,nasa/EMIT-Data-Resources,11,5,2,1
2025-06-23,nasa/EMIT-Data-Resources,79,23,2,2
2025-06-24,nasa/EMIT-Data-Resources,119,28,1,1
2025-06-25,nasa/EMIT-Data-Resources,73,23,3,3
2025-06-26,nasa/EMIT-Data-Resources,51,18,3,3
2025-06-21,nasa/GEDI-Data-Resources,12,6,0,0
2025-06-22,nasa/GEDI-Data-Resources,29,5,2,1
2025-06-23,nasa/GEDI-Data-Resources,55,11,2,2
2025-06-24,nasa/GEDI-Data-Resources,33,12,1,1
2025-06-25,nasa/GEDI-Data-Resources,46,12,2,2
2025-06-26,nasa/GEDI-Data-Resources,42,14,3,3
2025-06-27,nasa/GEDI-Data-Resources,1,1,0,0
2025-06-21,nasa/HLS-Data-Resources,6,4,0,0
2025-06-22,nasa/HLS-Data-Resources,29,6,2,1
2025-06-23,nasa/HLS-Data-Resources,82,15,3,3
2025-06-24,nasa/HLS-Data-Resources,19,12,1,1
2025-06-25,nasa/HLS-Data-Resources,31,13,1,1
2025-06-26,nasa/HLS-Data-Resources,28,10,2,2
2025-06-21,nasa/LPDAAC-Data-Resources,2,2,1,1
2025-06-22,nasa/LPDAAC-Data-Resources,13,5,2,1
2025-06-23,nasa/LPDAAC-Data-Resources,25,11,2,2
2025-06-24,nasa/LPDAAC-Data-Resources,31,16,6,2
2025-06-25,nasa/LPDAAC-Data-Resources,45,10,9,4
2025-06-26,nasa/LPDAAC-Data-Resources,57,12,11,7
2025-06-27,nasa/LPDAAC-Data-Resources,1,1,0,0
2025-06-20,nasa/VITALS,4,2,4,2
2025-06-22,nasa/VITALS,3,2,2,1
2025-06-23,nasa/VITALS,14,4,2,2
2025-06-24,nasa/VITALS,6,5,1,1
2025-06-25,nasa/VITALS,37,9,1,1
2025-06-26,nasa/VITALS,25,8,2,2
2025-06-28,nasa/AppEEARS-Data-Resources,4,3,1,1
2025-06-29,nasa/AppEEARS-Data-Resources,3,3,5,2
2025-06-30,nasa/AppEEARS-Data-Resources,12,8,5,5
2025-07-01,nasa/AppEEARS-Data-Resources,24,9,2,2
2025-07-02,nasa/AppEEARS-Data-Resources,25,13,0,0
2025-07-03,nasa/AppEEARS-Data-Resources,11,7,8,5
2025-06-27,nasa/ECOSTRESS-Data-Resources,6,6,2,2
2025-06-28,nasa/ECOSTRESS-Data-Resources,15,8,0,0
2025-06-29,nasa/ECOSTRESS-Data-Resources,10,7,5,2
2025-06-30,nasa/ECOSTRESS-Data-Resources,17,5,3,3
2025-07-01,nasa/ECOSTRESS-Data-Resources,7,4,2,2
2025-07-02,nasa/ECOSTRESS-Data-Resources,34,16,0,0
2025-07-03,nasa/ECOSTRESS-Data-Resources,33,11,2,2
2025-06-27,nasa/EMIT-Data-Resources,33,12,2,2
2025-06-28,nasa/EMIT-Data-Resources,20,10,1,1
2025-06-29,nasa/EMIT-Data-Resources,25,8,7,4
2025-06-30,nasa/EMIT-Data-Resources,90,20,4,3
2025-07-01,nasa/EMIT-Data-Resources,48,15,3,3
2025-07-02,nasa/EMIT-Data-Resources,75,27,3,2
2025-07-03,nasa/EMIT-Data-Resources,64,17,2,2
2025-07-04,nasa/EMIT-Data-Resources,1,1,0,0
2025-06-28,nasa/GEDI-Data-Resources,5,2,0,0
2025-06-29,nasa/GEDI-Data-Resources,21,7,7,4
2025-06-30,nasa/GEDI-Data-Resources,47,15,3,3
2025-07-01,nasa/GEDI-Data-Resources,38,13,3,3
2025-07-02,nasa/GEDI-Data-Resources,50,11,0,0
2025-07-03,nasa/GEDI-Data-Resources,39,11,2,2
2025-06-27,nasa/HLS-Data-Resources,32,15,3,3
2025-06-28,nasa/HLS-Data-Resources,2,2,0,0
2025-06-29,nasa/HLS-Data-Resources,2,2,5,2
2025-06-30,nasa/HLS-Data-Resources,14,7,4,3
2025-07-01,nasa/HLS-Data-Resources,89,14,3,3
2025-07-02,nasa/HLS-Data-Resources,67,22,3,1
2025-07-03,nasa/HLS-Data-Resources,36,14,5,5
2025-06-28,nasa/LPDAAC-Data-Resources,10,4,2,2
2025-06-29,nasa/LPDAAC-Data-Resources,2,2,5,2
2025-06-30,nasa/LPDAAC-Data-Resources,22,10,7,6
2025-07-01,nasa/LPDAAC-Data-Resources,10,8,2,2
2025-07-02,nasa/LPDAAC-Data-Resources,45,12,0,0
2025-07-03,nasa/LPDAAC-Data-Resources,24,11,5,4
2025-06-27,nasa/VITALS,28,6,3,3
2025-06-28,nasa/VITALS,9,5,0,0
2025-06-29,nasa/VITALS,1,1,5,2
2025-06-30,nasa/VITALS,118,16,15,7
2025-07-01,nasa/VITALS,22,7,5,5
2025-07-02,nasa/VITALS,11,6,0,0
2025-07-03,nasa/VITALS,25,7,3,3
2025-07-04,nasa/AppEEARS-Data-Resources,15,9,6,3
2025-07-05,nasa/AppEEARS-Data-Resources,9,5,2,1
2025-07-06,nasa/AppEEARS-Data-Resources,8,4,5,3
2025-07-07,nasa/AppEEARS-Data-Resources,20,7,4,3
2025-07-08,nasa/AppEEARS-Data-Resources,7,4,1,1
2025-07-09,nasa/AppEEARS-Data-Resources,38,12,5,3
2025-07-10,nasa/AppEEARS-Data-Resources,27,11,15,6
2025-07-04,nasa/ECOSTRESS-Data-Resources,13,6,2,2
2025-07-05,nasa/ECOSTRESS-Data-Resources,9,2,13,5
2025-07-06,nasa/ECOSTRESS-Data-Resources,3,3,4,2
2025-07-07,nasa/ECOSTRESS-Data-Resources,13,8,2,1
2025-07-08,nasa/ECOSTRESS-Data-Resources,5,3,1,1
2025-07-09,nasa/ECOSTRESS-Data-Resources,21,6,5,3
2025-07-10,nasa/ECOSTRESS-Data-Resources,15,9,4,3
2025-07-05,nasa/EMIT-Data-Resources,16,6,3,2
2025-07-06,nasa/EMIT-Data-Resources,18,4,5,3
2025-07-07,nasa/EMIT-Data-Resources,92,27,5,4
2025-07-08,nasa/EMIT-Data-Resources,148,39,1,1
2025-07-09,nasa/EMIT-Data-Resources,131,26,10,8
2025-07-10,nasa/EMIT-Data-Resources,120,18,5,4
2025-07-11,nasa/EMIT-Data-Resources,2,2,0,0
2025-07-04,nasa/GEDI-Data-Resources,2,2,3,3
2025-07-05,nasa/GEDI-Data-Resources,13,4,3,2
2025-07-06,nasa/GEDI-Data-Resources,29,7,6,4
2025-07-07,nasa/GEDI-Data-Resources,92,11,2,1
2025-07-08,nasa/GEDI-Data-Resources,46,14,1,1
2025-07-09,nasa/GEDI-Data-Resources,43,17,5,3
2025-07-10,nasa/GEDI-Data-Resources,50,10,6,5
2025-07-04,nasa/HLS-Data-Resources,25,12,3,3
2025-07-05,nasa/HLS-Data-Resources,36,6,3,2
2025-07-06,nasa/HLS-Data-Resources,9,3,5,3
2025-07-07,nasa/HLS-Data-Resources,18,6,3,2
2025-07-08,nasa/HLS-Data-Resources,59,20,2,2
2025-07-09,nasa/HLS-Data-Resources,36,13,6,4
2025-07-10,nasa/HLS-Data-Resources,46,16,15,4
2025-07-04,nasa/LPDAAC-Data-Resources,20,11,11,7
2025-07-05,nasa/LPDAAC-Data-Resources,11,5,5,4
2025-07-06,nasa/LPDAAC-Data-Resources,4,4,4,2
2025-07-07,nasa/LPDAAC-Data-Resources,42,14,2,1
2025-07-08,nasa/LPDAAC-Data-Resources,59,16,2,2
2025-07-09,nasa/LPDAAC-Data-Resources,30,11,6,4
2025-07-10,nasa/LPDAAC-Data-Resources,43,11,4,3
2025-07-04,nasa/VITALS,6,4,2,2
2025-07-05,nasa/VITALS,1,1,2,1
2025-07-06,nasa/VITALS,4,2,8,6
2025-07-07,nasa/VITALS,25,6,2,1
2025-07-08,nasa/VITALS,24,5,1,1
2025-07-09,nasa/VITALS,58,10,5,3
2025-07-10,nasa/VITALS,28,8,4,3
2025-07-11,nasa/VITALS,1,1,0,0
2025-07-11,nasa/AppEEARS-Data-Resources,9,4,2,2
2025-07-12,nasa/AppEEARS-Data-Resources,4,3,4,4
2025-07-13,nasa/AppEEARS-Data-Resources,3,2,0,0
2025-07-14,nasa/AppEEARS-Data-Resources,20,10,5,3
2025-07-15,nasa/AppEEARS-Data-Resources,11,8,6,3
2025-07-16,nasa/AppEEARS-Data-Resources,9,7,1,1
2025-07-17,nasa/AppEEARS-Data-Resources,22,14,1,1
2025-07-11,nasa/ECOSTRESS-Data-Resources,27,5,2,2
2025-07-12,nasa/ECOSTRESS-Data-Resources,12,5,5,4
2025-07-13,nasa/ECOSTRESS-Data-Resources,2,2,0,0
2025-07-14,nasa/ECOSTRESS-Data-Resources,40,9,5,3
2025-07-15,nasa/ECOSTRESS-Data-Resources,36,6,5,2
2025-07-16,nasa/ECOSTRESS-Data-Resources,20,11,1,1
2025-07-17,nasa/ECOSTRESS-Data-Resources,34,13,1,1
2025-07-12,nasa/EMIT-Data-Resources,32,7,5,5
2025-07-13,nasa/EMIT-Data-Resources,11,4,4,4
2025-07-14,nasa/EMIT-Data-Resources,79,24,6,4
2025-07-15,nasa/EMIT-Data-Resources,72,21,7,4
2025-07-16,nasa/EMIT-Data-Resources,89,19,2,2
2025-07-17,nasa/EMIT-Data-Resources,50,19,1,1
2025-07-11,nasa/GEDI-Data-Resources,22,13,2,2
2025-07-12,nasa/GEDI-Data-Resources,23,6,4,4
2025-07-13,nasa/GEDI-Data-Resources,24,5,1,1
2025-07-14,nasa/GEDI-Data-Resources,36,7,4,2
2025-07-15,nasa/GEDI-Data-Resources,9,4,5,2
2025-07-16,nasa/GEDI-Data-Resources,9,8,1,1
2025-07-17,nasa/GEDI-Data-Resources,24,11,1,1
2025-07-11,nasa/HLS-Data-Resources,33,14,2,2
2025-07-12,nasa/HLS-Data-Resources,20,8,6,6
2025-07-13,nasa/HLS-Data-Resources,15,2,0,0
2025-07-14,nasa/HLS-Data-Resources,39,13,5,3
2025-07-15,nasa/HLS-Data-Resources,25,9,5,2
2025-07-16,nasa/HLS-Data-Resources,64,15,1,1
2025-07-17,nasa/HLS-Data-Resources,10,7,1,1
2025-07-11,nasa/LPDAAC-Data-Resources,51,9,12,7
2025-07-12,nasa/LPDAAC-Data-Resources,9,4,5,5
2025-07-13,nasa/LPDAAC-Data-Resources,3,2,0,0
2025-07-14,nasa/LPDAAC-Data-Resources,74,21,5,2
2025-07-15,nasa/LPDAAC-Data-Resources,54,24,5,2
2025-07-16,nasa/LPDAAC-Data-Resources,31,14,1,1
2025-07-17,nasa/LPDAAC-Data-Resources,32,14,2,2
2025-07-12,nasa/VITALS,4,3,5,5
2025-07-13,nasa/VITALS,4,3,1,1
2025-07-14,nasa/VITALS,25,12,6,3
2025-07-15,nasa/VITALS,29,12,7,3
2025-07-16,nasa/VITALS,42,15,2,2
2025-07-17,nasa/VITALS,32,11,2,2
2025-07-18,nasa/AppEEARS-Data-Resources,22,6,2,1
2025-07-19,nasa/AppEEARS-Data-Resources,8,1,0,0
2025-07-20,nasa/AppEEARS-Data-Resources,3,2,3,3
2025-07-21,nasa/AppEEARS-Data-Resources,16,13,1,1
2025-07-22,nasa/AppEEARS-Data-Resources,37,20,1,1
2025-07-23,nasa/AppEEARS-Data-Resources,30,14,2,2
2025-07-24,nasa/AppEEARS-Data-Resources,8,7,1,1
2025-07-25,nasa/AppEEARS-Data-Resources,1,1,0,0
2025-07-18,nasa/ECOSTRESS-Data-Resources,35,7,3,2
2025-07-19,nasa/ECOSTRESS-Data-Resources,1,1,0,0
2025-07-20,nasa/ECOSTRESS-Data-Resources,14,7,3,3
2025-07-21,nasa/ECOSTRESS-Data-Resources,64,22,0,0
2025-07-22,nasa/ECOSTRESS-Data-Resources,38,19,2,2
2025-07-23,nasa/ECOSTRESS-Data-Resources,22,9,2,2
2025-07-24,nasa/ECOSTRESS-Data-Resources,14,10,1,1
2025-07-18,nasa/EMIT-Data-Resources,63,18,3,2
2025-07-19,nasa/EMIT-Data-Resources,27,12,3,3
2025-07-20,nasa/EMIT-Data-Resources,21,9,5,5
2025-07-21,nasa/EMIT-Data-Resources,194,93,7,5
2025-07-22,nasa/EMIT-Data-Resources,114,42,5,4
2025-07-23,nasa/EMIT-Data-Resources,50,28,5,5
2025-07-24,nasa/EMIT-Data-Resources,68,24,8,6
2025-07-18,nasa/GEDI-Data-Resources,27,10,2,1
2025-07-19,nasa/GEDI-Data-Resources,16,4,0,0
2025-07-20,nasa/GEDI-Data-Resources,5,3,3,3
2025-07-21,nasa/GEDI-Data-Resources,35,13,1,1
2025-07-22,nasa/GEDI-Data-Resources,21,12,1,1
2025-07-23,nasa/GEDI-Data-Resources,15,9,2,2
2025-07-24,nasa/GEDI-Data-Resources,30,13,1,1
2025-07-18,nasa/HLS-Data-Resources,18,6,2,1
2025-07-19,nasa/HLS-Data-Resources,3,2,1,1
2025-07-20,nasa/HLS-Data-Resources,9,5,3,3
2025-07-21,nasa/HLS-Data-Resources,30,14,2,2
2025-07-22,nasa/HLS-Data-Resources,38,13,2,2
2025-07-23,nasa/HLS-Data-Resources,47,15,3,3
2025-07-24,nasa/HLS-Data-Resources,48,7,1,1
2025-07-18,nasa/LPDAAC-Data-Resources,19,10,10,4
2025-07-19,nasa/LPDAAC-Data-Resources,5,4,0,0
2025-07-20,nasa/LPDAAC-Data-Resources,8,2,3,3
2025-07-21,nasa/LPDAAC-Data-Resources,88,39,1,1
2025-07-22,nasa/LPDAAC-Data-Resources,160,59,1,1
2025-07-23,nasa/LPDAAC-Data-Resources,99,15,3,2
2025-07-24,nasa/LPDAAC-Data-Resources,34,11,1,1
2025-07-18,nasa/VITALS,23,6,23,6
2025-07-19,nasa/VITALS,10,3,1,1
2025-07-20,nasa/VITALS,15,5,10,6
2025-07-21,nasa/VITALS,126,34,56,14
2025-07-22,nasa/VITALS,557,150,239,55
2025-07-23,nasa/VITALS,64,21,13,7
2025-07-24,nasa/VITALS,64,23,14,6
2025-07-26,nasa/AppEEARS-Data-Resources,14,3,3,3
2025-07-27,nasa/AppEEARS-Data-Resources,13,3,1,1
2025-07-28,nasa/AppEEARS-Data-Resources,17,7,1,1
2025-07-29,nasa/AppEEARS-Data-Resources,13,10,4,4
2025-07-30,nasa/AppEEARS-Data-Resources,18,6,2,2
2025-07-31,nasa/AppEEARS-Data-Resources,37,14,2,2
2025-08-01,nasa/AppEEARS-Data-Resources,4,2,0,0
2025-07-25,nasa/ECOSTRESS-Data-Resources,23,10,2,2
2025-07-26,nasa/ECOSTRESS-Data-Resources,7,4,2,2
2025-07-27,nasa/ECOSTRESS-Data-Resources,7,4,1,1
2025-07-28,nasa/ECOSTRESS-Data-Resources,37,12,1,1
2025-07-29,nasa/ECOSTRESS-Data-Resources,28,9,2,2
2025-07-30,nasa/ECOSTRESS-Data-Resources,23,9,0,0
2025-07-31,nasa/ECOSTRESS-Data-Resources,33,13,1,1
2025-07-25,nasa/EMIT-Data-Resources,48,23,5,5
2025-07-26,nasa/EMIT-Data-Resources,41,6,6,6
2025-07-27,nasa/EMIT-Data-Resources,42,10,4,4
2025-07-28,nasa/EMIT-Data-Resources,81,26,12,11
2025-07-29,nasa/EMIT-Data-Resources,62,28,10,8
2025-07-30,nasa/EMIT-Data-Resources,90,20,4,3
2025-07-31,nasa/EMIT-Data-Resources,42,17,4,4
2025-08-01,nasa/EMIT-Data-Resources,3,2,0,0
2025-07-25,nasa/GEDI-Data-Resources,39,9,1,1
2025-07-26,nasa/GEDI-Data-Resources,26,3,2,2
2025-07-27,nasa/GEDI-Data-Resources,42,4,1,1
2025-07-28,nasa/GEDI-Data-Resources,77,10,1,1
2025-07-29,nasa/GEDI-Data-Resources,56,13,8,7
2025-07-30,nasa/GEDI-Data-Resources,51,12,0,0
2025-07-31,nasa/GEDI-Data-Resources,70,12,2,2
2025-08-01,nasa/GEDI-Data-Resources,1,1,0,0
2025-07-25,nasa/HLS-Data-Resources,21,8,3,3
2025-07-26,nasa/HLS-Data-Resources,14,5,4,4
2025-07-27,nasa/HLS-Data-Resources,9,3,2,2
2025-07-28,nasa/HLS-Data-Resources,47,10,2,2
2025-07-29,nasa/HLS-Data-Resources,92,14,7,7
2025-07-30,nasa/HLS-Data-Resources,57,13,1,1
2025-07-31,nasa/HLS-Data-Resources,38,16,6,6
2025-07-25,nasa/LPDAAC-Data-Resources,62,16,10,6
2025-07-26,nasa/LPDAAC-Data-Resources,2,2,2,2
2025-07-27,nasa/LPDAAC-Data-Resources,24,5,1,1
2025-07-28,nasa/LPDAAC-Data-Resources,42,20,4,4
2025-07-29,nasa/LPDAAC-Data-Resources,111,25,5,5
2025-07-30,nasa/LPDAAC-Data-Resources,49,15,5,4
2025-07-31,nasa/LPDAAC-Data-Resources,96,21,0,0
2025-08-01,nasa/LPDAAC-Data-Resources,5,2,0,0
2025-07-25,nasa/VITALS,64,17,6,5
2025-07-26,nasa/VITALS,68,10,1,1
2025-07-27,nasa/VITALS,9,8,3,3
2025-07-28,nasa/VITALS,47,22,2,2
2025-07-29,nasa/VITALS,36,14,2,2
2025-07-30,nasa/VITALS,58,11,6,2
2025-07-31,nasa/VITALS,59,15,4,4
2025-08-01,nasa/VITALS,1,1,0,0
2025-08-02,nasa/AppEEARS-Data-Resources,2,1,1,1
2025-08-03,nasa/AppEEARS-Data-Resources,3,3,2,2
2025-08-04,nasa/AppEEARS-Data-Resources,10,5,0,0
2025-08-05,nasa/AppEEARS-Data-Resources,13,8,2,1
2025-08-06,nasa/AppEEARS-Data-Resources,33,5,0,0
2025-08-07,nasa/AppEEARS-Data-Resources,4,3,1,1
2025-08-08,nasa/AppEEARS-Data-Resources,1,1,0,0
2025-08-01,nasa/ECOSTRESS-Data-Resources,30,4,1,1
2025-08-02,nasa/ECOSTRESS-Data-Resources,6,4,1,1
2025-08-03,nasa/ECOSTRESS-Data-Resources,4,2,1,1
2025-08-04,nasa/ECOSTRESS-Data-Resources,9,6,0,0
2025-08-05,nasa/ECOSTRESS-Data-Resources,26,9,3,2
2025-08-06,nasa/ECOSTRESS-Data-Resources,25,12,0,0
2025-08-07,nasa/ECOSTRESS-Data-Resources,11,5,2,2
2025-08-08,nasa/ECOSTRESS-Data-Resources,8,2,0,0
2025-08-02,nasa/EMIT-Data-Resources,29,8,8,7
2025-08-03,nasa/EMIT-Data-Resources,21,7,11,11
2025-08-04,nasa/EMIT-Data-Resources,70,17,1,1
2025-08-05,nasa/EMIT-Data-Resources,58,22,3,2
2025-08-06,nasa/EMIT-Data-Resources,101,21,3,3
2025-08-07,nasa/EMIT-Data-Resources,57,16,2,2
2025-08-08,nasa/EMIT-Data-Resources,2,2,0,0
2025-08-02,nasa/GEDI-Data-Resources,60,8,2,2
2025-08-03,nasa/GEDI-Data-Resources,62,11,1,1
2025-08-04,nasa/GEDI-Data-Resources,42,10,0,0
2025-08-05,nasa/GEDI-Data-Resources,56,14,4,3
2025-08-06,nasa/GEDI-Data-Resources,42,7,1,1
2025-08-07,nasa/GEDI-Data-Resources,49,7,4,4
2025-08-08,nasa/GEDI-Data-Resources,6,3,0,0
2025-08-01,nasa/HLS-Data-Resources,33,18,4,4
2025-08-02,nasa/HLS-Data-Resources,3,1,8,8
2025-08-03,nasa/HLS-Data-Resources,14,3,7,6
2025-08-04,nasa/HLS-Data-Resources,37,13,4,4
2025-08-05,nasa/HLS-Data-Resources,24,12,4,3
2025-08-06,nasa/HLS-Data-Resources,33,15,0,0
2025-08-07,nasa/HLS-Data-Resources,20,13,2,2
2025-08-08,nasa/HLS-Data-Resources,10,3,0,0
2025-08-02,nasa/LPDAAC-Data-Resources,7,4,3,3
2025-08-03,nasa/LPDAAC-Data-Resources,22,10,3,3
2025-08-04,nasa/LPDAAC-Data-Resources,51,13,1,1
2025-08-05,nasa/LPDAAC-Data-Resources,23,11,3,2
2025-08-06,nasa/LPDAAC-Data-Resources,35,11,0,0
2025-08-07,nasa/LPDAAC-Data-Resources,22,10,2,2
2025-08-08,nasa/LPDAAC-Data-Resources,2,2,0,0
2025-08-02,nasa/VITALS,11,4,5,5
2025-08-03,nasa/VITALS,9,7,3,3
2025-08-04,nasa/VITALS,45,9,1,1
2025-08-05,nasa/VITALS,31,11,2,1
2025-08-06,nasa/VITALS,51,17,2,2
2025-08-07,nasa/VITALS,53,15,1,1
2025-08-09,nasa/AppEEARS-Data-Resources,3,2,2,2
2025-08-10,nasa/AppEEARS-Data-Resources,4,1,0,0
2025-08-11,nasa/AppEEARS-Data-Resources,70,7,1,1
2025-08-12,nasa/AppEEARS-Data-Resources,10,5,2,2
2025-08-13,nasa/AppEEARS-Data-Resources,22,7,2,2
2025-08-14,nasa/AppEEARS-Data-Resources,14,9,1,1
2025-08-09,nasa/ECOSTRESS-Data-Resources,4,2,1,1
2025-08-10,nasa/ECOSTRESS-Data-Resources,4,3,0,0
2025-08-11,nasa/ECOSTRESS-Data-Resources,33,7,0,0
2025-08-12,nasa/ECOSTRESS-Data-Resources,34,13,3,3
2025-08-13,nasa/ECOSTRESS-Data-Resources,47,12,12,7
2025-08-14,nasa/ECOSTRESS-Data-Resources,20,7,0,0
2025-08-15,nasa/ECOSTRESS-Data-Resources,7,2,0,0
2025-08-09,nasa/EMIT-Data-Resources,5,5,0,0
2025-08-10,nasa/EMIT-Data-Resources,12,9,0,0
2025-08-11,nasa/EMIT-Data-Resources,44,17,2,2
2025-08-12,nasa/EMIT-Data-Resources,180,32,2,2
2025-08-13,nasa/EMIT-Data-Resources,53,23,4,4
2025-08-14,nasa/EMIT-Data-Resources,40,17,1,1
2025-08-15,nasa/EMIT-Data-Resources,4,2,0,0
2025-08-09,nasa/GEDI-Data-Resources,57,7,1,1
2025-08-10,nasa/GEDI-Data-Resources,62,6,0,0
2025-08-11,nasa/GEDI-Data-Resources,80,17,1,1
2025-08-12,nasa/GEDI-Data-Resources,72,16,2,2
2025-08-13,nasa/GEDI-Data-Resources,57,10,2,2
2025-08-14,nasa/GEDI-Data-Resources,50,14,0,0
2025-08-15,nasa/GEDI-Data-Resources,7,2,0,0
2025-08-10,nasa/HLS-Data-Resources,19,3,0,0
2025-08-11,nasa/HLS-Data-Resources,26,13,1,1
2025-08-12,nasa/HLS-Data-Resources,30,16,2,2
2025-08-13,nasa/HLS-Data-Resources,45,19,2,2
2025-08-14,nasa/HLS-Data-Resources,38,18,1,1
2025-08-09,nasa/LPDAAC-Data-Resources,1,1,0,0
2025-08-10,nasa/LPDAAC-Data-Resources,21,3,1,1
2025-08-11,nasa/LPDAAC-Data-Resources,32,10,1,1
2025-08-12,nasa/LPDAAC-Data-Resources,43,18,7,3
2025-08-13,nasa/LPDAAC-Data-Resources,74,20,2,2
2025-08-14,nasa/LPDAAC-Data-Resources,12,8,1,1
2025-08-08,nasa/VITALS,24,8,1,1
2025-08-09,nasa/VITALS,13,5,0,0
2025-08-10,nasa/VITALS,20,7,0,0
2025-08-11,nasa/VITALS,58,15,2,1
2025-08-12,nasa/VITALS,51,14,4,4
2025-08-13,nasa/VITALS,50,9,3,3
2025-08-14,nasa/VITALS,23,7,1,1
2025-08-15,nasa/VITALS,3,2,0,0
2025-08-15,nasa/AppEEARS-Data-Resources,11,7,1,1
2025-08-16,nasa/AppEEARS-Data-Resources,15,5,1,1
2025-08-17,nasa/AppEEARS-Data-Resources,13,4,0,0
2025-08-18,nasa/AppEEARS-Data-Resources,20,11,1,1
2025-08-19,nasa/AppEEARS-Data-Resources,21,8,2,2
2025-08-20,nasa/AppEEARS-Data-Resources,3,2,2,2
2025-08-21,nasa/AppEEARS-Data-Resources,32,18,2,2
2025-08-16,nasa/ECOSTRESS-Data-Resources,6,1,1,1
2025-08-17,nasa/ECOSTRESS-Data-Resources,9,2,0,0
2025-08-18,nasa/ECOSTRESS-Data-Resources,39,12,1,1
2025-08-19,nasa/ECOSTRESS-Data-Resources,14,8,2,2
2025-08-20,nasa/ECOSTRESS-Data-Resources,22,7,1,1
2025-08-21,nasa/ECOSTRESS-Data-Resources,2,2,1,1
2025-08-16,nasa/EMIT-Data-Resources,14,7,2,2
2025-08-17,nasa/EMIT-Data-Resources,42,8,1,1
2025-08-18,nasa/EMIT-Data-Resources,37,15,4,3
2025-08-19,nasa/EMIT-Data-Resources,27,9,0,0
2025-08-20,nasa/EMIT-Data-Resources,12,8,2,2
2025-08-21,nasa/EMIT-Data-Resources,78,23,2,2
2025-08-22,nasa/EMIT-Data-Resources,1,1,0,0
2025-08-16,nasa/GEDI-Data-Resources,49,10,3,3
2025-08-17,nasa/GEDI-Data-Resources,60,7,2,1
2025-08-18,nasa/GEDI-Data-Resources,63,12,0,0
2025-08-19,nasa/GEDI-Data-Resources,28,4,0,0
2025-08-20,nasa/GEDI-Data-Resources,18,3,1,1
2025-08-21,nasa/GEDI-Data-Resources,56,13,3,3
2025-08-22,nasa/GEDI-Data-Resources,9,3,0,0
2025-08-15,nasa/HLS-Data-Resources,13,7,2,2
2025-08-16,nasa/HLS-Data-Resources,6,4,2,2
2025-08-17,nasa/HLS-Data-Resources,6,4,1,1
2025-08-18,nasa/HLS-Data-Resources,47,14,2,1
2025-08-19,nasa/HLS-Data-Resources,14,10,1,1
2025-08-20,nasa/HLS-Data-Resources,29,8,0,0
2025-08-21,nasa/HLS-Data-Resources,46,22,2,2
2025-08-15,nasa/LPDAAC-Data-Resources,53,10,1,1
2025-08-16,nasa/LPDAAC-Data-Resources,2,2,1,1
2025-08-17,nasa/LPDAAC-Data-Resources,7,5,2,2
2025-08-18,nasa/LPDAAC-Data-Resources,27,9,1,1
2025-08-19,nasa/LPDAAC-Data-Resources,23,12,1,1
2025-08-20,nasa/LPDAAC-Data-Resources,5,3,2,2
2025-08-21,nasa/LPDAAC-Data-Resources,43,23,1,1
2025-08-22,nasa/LPDAAC-Data-Resources,1,1,0,0
2025-08-16,nasa/VITALS,12,4,2,2
2025-08-17,nasa/VITALS,7,2,0,0
2025-08-18,nasa/VITALS,23,12,0,0
2025-08-19,nasa/VITALS,7,4,3,3
2025-08-20,nasa/VITALS,3,2,1,1
2025-08-21,nasa/VITALS,6,2,1,1
2025-08-22,nasa/VITALS,2,1,0,0
2025-08-22,nasa/AppEEARS-Data-Resources,5,5,0,0
2025-08-23,nasa/AppEEARS-Data-Resources,9,5,1,1
2025-08-24,nasa/AppEEARS-Data-Resources,16,4,1,1
2025-08-25,nasa/AppEEARS-Data-Resources,13,10,2,2
2025-08-26,nasa/AppEEARS-Data-Resources,16,10,4,3
2025-08-27,nasa/AppEEARS-Data-Resources,16,7,3,2
2025-08-28,nasa/AppEEARS-Data-Resources,12,8,0,0
2025-08-29,nasa/AppEEARS-Data-Resources,6,3,1,1
2025-08-30,nasa/AppEEARS-Data-Resources,6,5,1,1
2025-08-31,nasa/AppEEARS-Data-Resources,2,2,2,1
2025-09-01,nasa/AppEEARS-Data-Resources,5,4,2,2
2025-09-02,nasa/AppEEARS-Data-Resources,4,3,1,1
2025-09-03,nasa/AppEEARS-Data-Resources,14,6,8,6
2025-09-04,nasa/AppEEARS-Data-Resources,15,6,0,0
2025-09-05,nasa/AppEEARS-Data-Resources,1,1,1,1
2025-08-22,nasa/ECOSTRESS-Data-Resources,5,2,0,0
2025-08-23,nasa/ECOSTRESS-Data-Resources,8,3,2,2
2025-08-24,nasa/ECOSTRESS-Data-Resources,11,2,1,1
2025-08-25,nasa/ECOSTRESS-Data-Resources,10,3,2,2
2025-08-26,nasa/ECOSTRESS-Data-Resources,24,11,3,3
2025-08-27,nasa/ECOSTRESS-Data-Resources,37,12,3,2
2025-08-28,nasa/ECOSTRESS-Data-Resources,21,15,1,1
2025-08-29,nasa/ECOSTRESS-Data-Resources,23,9,1,1
2025-08-30,nasa/ECOSTRESS-Data-Resources,8,2,1,1
2025-08-31,nasa/ECOSTRESS-Data-Resources,3,3,3,2
2025-09-01,nasa/ECOSTRESS-Data-Resources,10,5,1,1
2025-09-02,nasa/ECOSTRESS-Data-Resources,13,4,2,2
2025-09-03,nasa/ECOSTRESS-Data-Resources,21,6,4,3
2025-09-04,nasa/ECOSTRESS-Data-Resources,34,7,2,2
2025-09-05,nasa/ECOSTRESS-Data-Resources,14,4,1,1
2025-08-23,nasa/EMIT-Data-Resources,8,3,1,1
2025-08-24,nasa/EMIT-Data-Resources,21,6,1,1
2025-08-25,nasa/EMIT-Data-Resources,74,26,7,7
2025-08-26,nasa/EMIT-Data-Resources,37,14,3,2
2025-08-27,nasa/EMIT-Data-Resources,74,18,6,5
2025-08-28,nasa/EMIT-Data-Resources,29,12,2,1
2025-08-29,nasa/EMIT-Data-Resources,32,7,1,1
2025-08-30,nasa/EMIT-Data-Resources,3,3,1,1
2025-08-31,nasa/EMIT-Data-Resources,10,3,3,2
2025-09-01,nasa/EMIT-Data-Resources,17,9,1,1
2025-09-02,nasa/EMIT-Data-Resources,72,16,151,4
2025-09-03,nasa/EMIT-Data-Resources,63,16,6,4
2025-09-04,nasa/EMIT-Data-Resources,37,16,2,1
2025-09-05,nasa/EMIT-Data-Resources,18,7,1,1
2025-08-23,nasa/GEDI-Data-Resources,38,5,0,0
2025-08-24,nasa/GEDI-Data-Resources,28,1,2,2
2025-08-25,nasa/GEDI-Data-Resources,60,13,3,3
2025-08-26,nasa/GEDI-Data-Resources,54,10,3,2
2025-08-27,nasa/GEDI-Data-Resources,65,13,3,2
2025-08-28,nasa/GEDI-Data-Resources,60,15,0,0
2025-08-29,nasa/GEDI-Data-Resources,51,9,2,2
2025-08-30,nasa/GEDI-Data-Resources,38,4,1,1
2025-08-31,nasa/GEDI-Data-Resources,57,7,3,2
2025-09-01,nasa/GEDI-Data-Resources,43,7,2,2
2025-09-02,nasa/GEDI-Data-Resources,59,10,2,2
2025-09-03,nasa/GEDI-Data-Resources,60,12,5,4
2025-09-04,nasa/GEDI-Data-Resources,50,7,0,0
2025-09-05,nasa/GEDI-Data-Resources,18,4,2,2
2025-08-22,nasa/HLS-Data-Resources,12,2,0,0
2025-08-23,nasa/HLS-Data-Resources,18,7,2,2
2025-08-24,nasa/HLS-Data-Resources,9,3,2,2
2025-08-25,nasa/HLS-Data-Resources,59,16,7,7
2025-08-26,nasa/HLS-Data-Resources,55,14,3,2
2025-08-27,nasa/HLS-Data-Resources,43,12,4,3
2025-08-28,nasa/HLS-Data-Resources,26,13,0,0
2025-08-29,nasa/HLS-Data-Resources,43,17,1,1
2025-08-30,nasa/HLS-Data-Resources,17,7,1,1
2025-08-31,nasa/HLS-Data-Resources,1,1,2,1
2025-09-01,nasa/HLS-Data-Resources,39,9,2,2
2025-09-02,nasa/HLS-Data-Resources,73,14,5,4
2025-09-03,nasa/HLS-Data-Resources,80,23,5,4
2025-09-04,nasa/HLS-Data-Resources,74,20,1,1
2025-09-05,nasa/HLS-Data-Resources,52,8,4,4
2025-08-23,nasa/LPDAAC-Data-Resources,3,2,0,0
2025-08-24,nasa/LPDAAC-Data-Resources,2,2,1,1
2025-08-25,nasa/LPDAAC-Data-Resources,28,12,5,4
2025-08-26,nasa/LPDAAC-Data-Resources,63,24,4,3
2025-08-27,nasa/LPDAAC-Data-Resources,32,12,3,2
2025-08-28,nasa/LPDAAC-Data-Resources,20,8,0,0
2025-08-29,nasa/LPDAAC-Data-Resources,64,13,14,6
2025-08-30,nasa/LPDAAC-Data-Resources,2,2,2,2
2025-09-01,nasa/LPDAAC-Data-Resources,50,13,3,3
2025-09-02,nasa/LPDAAC-Data-Resources,29,12,2,2
2025-09-03,nasa/LPDAAC-Data-Resources,63,21,14,4
2025-09-04,nasa/LPDAAC-Data-Resources,45,13,8,8
2025-09-05,nasa/LPDAAC-Data-Resources,19,11,6,5
2025-08-23,nasa/VITALS,3,3,1,1
2025-08-24,nasa/VITALS,9,3,2,2
2025-08-25,nasa/VITALS,23,8,4,3
2025-08-26,nasa/VITALS,19,9,0,0
2025-08-27,nasa/VITALS,5,4,3,2
2025-08-28,nasa/VITALS,5,3,3,3
2025-08-29,nasa/VITALS,5,4,1,1
2025-08-30,nasa/VITALS,2,2,2,2
2025-08-31,nasa/VITALS,3,3,4,3
2025-09-01,nasa/VITALS,3,2,1,1
2025-09-02,nasa/VITALS,3,2,2,2
2025-09-03,nasa/VITALS,19,6,6,5
2025-09-04,nasa/VITALS,11,4,0,0
2025-09-05,nasa/VITALS,1,1,1,1
2025-09-06,nasa/AppEEARS-Data-Resources,5,4,2,2
2025-09-07,nasa/AppEEARS-Data-Resources,2,2,1,1
2025-09-08,nasa/AppEEARS-Data-Resources,67,12,4,4
2025-09-09,nasa/AppEEARS-Data-Resources,23,11,1,1
2025-09-10,nasa/AppEEARS-Data-Resources,8,7,2,2
2025-09-11,nasa/AppEEARS-Data-Resources,16,7,3,3
2025-09-06,nasa/ECOSTRESS-Data-Resources,1,1,2,2
2025-09-07,nasa/ECOSTRESS-Data-Resources,4,2,1,1
2025-09-08,nasa/ECOSTRESS-Data-Resources,33,10,3,3
2025-09-09,nasa/ECOSTRESS-Data-Resources,1,1,2,2
2025-09-10,nasa/ECOSTRESS-Data-Resources,17,6,2,2
2025-09-11,nasa/ECOSTRESS-Data-Resources,27,7,5,5
2025-09-06,nasa/EMIT-Data-Resources,26,4,4,4
2025-09-07,nasa/EMIT-Data-Resources,25,9,3,3
2025-09-08,nasa/EMIT-Data-Resources,36,15,8,5
2025-09-09,nasa/EMIT-Data-Resources,54,18,4,4
2025-09-10,nasa/EMIT-Data-Resources,50,16,4,3
2025-09-11,nasa/EMIT-Data-Resources,60,23,14,11
2025-09-12,nasa/EMIT-Data-Resources,5,4,1,1
2025-09-06,nasa/GEDI-Data-Resources,49,8,2,2
2025-09-07,nasa/GEDI-Data-Resources,84,5,1,1
2025-09-08,nasa/GEDI-Data-Resources,77,12,3,3
2025-09-09,nasa/GEDI-Data-Resources,132,16,1,1
2025-09-10,nasa/GEDI-Data-Resources,73,16,5,4
2025-09-11,nasa/GEDI-Data-Resources,54,21,4,4
2025-09-12,nasa/GEDI-Data-Resources,6,1,2,2
2025-09-06,nasa/HLS-Data-Resources,11,5,1,1
2025-09-07,nasa/HLS-Data-Resources,13,6,1,1
2025-09-08,nasa/HLS-Data-Resources,80,26,4,4
2025-09-09,nasa/HLS-Data-Resources,23,12,3,3
2025-09-10,nasa/HLS-Data-Resources,24,12,2,2
2025-09-11,nasa/HLS-Data-Resources,14,8,6,6
2025-09-12,nasa/HLS-Data-Resources,1,1,1,1
2025-09-06,nasa/LPDAAC-Data-Resources,3,2,5,5
2025-09-07,nasa/LPDAAC-Data-Resources,8,7,2,2
2025-09-08,nasa/LPDAAC-Data-Resources,23,11,4,4
2025-09-09,nasa/LPDAAC-Data-Resources,29,6,8,5
2025-09-10,nasa/LPDAAC-Data-Resources,28,12,2,2
2025-09-11,nasa/LPDAAC-Data-Resources,26,10,3,3
2025-09-12,nasa/LPDAAC-Data-Resources,3,3,1,1
2025-09-06,nasa/VITALS,9,3,2,2
2025-09-07,nasa/VITALS,3,2,2,2
2025-09-08,nasa/VITALS,6,3,4,4
2025-09-09,nasa/VITALS,14,7,6,4
2025-09-10,nasa/VITALS,14,7,3,3
2025-09-11,nasa/VITALS,27,8,3,3
2025-09-12,nasa/AppEEARS-Data-Resources,7,3,2,2
2025-09-13,nasa/AppEEARS-Data-Resources,23,5,2,2
2025-09-14,nasa/AppEEARS-Data-Resources,9,5,4,4
2025-09-15,nasa/AppEEARS-Data-Resources,19,9,2,2
2025-09-16,nasa/AppEEARS-Data-Resources,12,5,3,2
2025-09-17,nasa/AppEEARS-Data-Resources,25,12,1,1
2025-09-18,nasa/AppEEARS-Data-Resources,19,8,4,4
2025-09-12,nasa/ECOSTRESS-Data-Resources,44,8,2,2
2025-09-13,nasa/ECOSTRESS-Data-Resources,31,6,3,3
2025-09-14,nasa/ECOSTRESS-Data-Resources,8,3,2,2
2025-09-15,nasa/ECOSTRESS-Data-Resources,21,7,1,1
2025-09-16,nasa/ECOSTRESS-Data-Resources,42,9,21,17
2025-09-17,nasa/ECOSTRESS-Data-Resources,168,25,79,49
2025-09-18,nasa/ECOSTRESS-Data-Resources,23,11,7,6
2025-09-13,nasa/EMIT-Data-Resources,15,5,7,3
2025-09-14,nasa/EMIT-Data-Resources,27,7,11,4
2025-09-15,nasa/EMIT-Data-Resources,46,15,2,2
2025-09-16,nasa/EMIT-Data-Resources,82,22,7,4
2025-09-17,nasa/EMIT-Data-Resources,52,27,11,7
2025-09-18,nasa/EMIT-Data-Resources,48,14,10,7
2025-09-13,nasa/GEDI-Data-Resources,35,5,1,1
2025-09-14,nasa/GEDI-Data-Resources,2,2,2,2
2025-09-15,nasa/GEDI-Data-Resources,48,17,1,1
2025-09-16,nasa/GEDI-Data-Resources,35,15,3,2
2025-09-17,nasa/GEDI-Data-Resources,51,13,1,1
2025-09-18,nasa/GEDI-Data-Resources,44,13,7,7
2025-09-19,nasa/GEDI-Data-Resources,2,2,0,0
2025-09-13,nasa/HLS-Data-Resources,35,6,2,2
2025-09-14,nasa/HLS-Data-Resources,22,6,2,2
2025-09-15,nasa/HLS-Data-Resources,56,24,2,2
2025-09-16,nasa/HLS-Data-Resources,88,20,3,2
2025-09-17,nasa/HLS-Data-Resources,55,21,2,2
2025-09-18,nasa/HLS-Data-Resources,48,16,5,5
2025-09-19,nasa/HLS-Data-Resources,5,2,0,0
2025-09-13,nasa/LPDAAC-Data-Resources,3,2,3,3
2025-09-14,nasa/LPDAAC-Data-Resources,1,1,7,4
2025-09-15,nasa/LPDAAC-Data-Resources,38,13,1,1
2025-09-16,nasa/LPDAAC-Data-Resources,37,18,6,4
2025-09-17,nasa/LPDAAC-Data-Resources,39,12,11,7
2025-09-18,nasa/LPDAAC-Data-Resources,51,16,6,5
2025-09-19,nasa/LPDAAC-Data-Resources,6,5,0,0
2025-09-12,nasa/VITALS,23,10,2,2
2025-09-13,nasa/VITALS,17,6,1,1
2025-09-14,nasa/VITALS,7,5,2,2
2025-09-15,nasa/VITALS,9,6,2,2
2025-09-16,nasa/VITALS,28,12,14,9
2025-09-17,nasa/VITALS,40,8,3,3
2025-09-18,nasa/VITALS,6,6,7,7
2025-09-19,nasa/AppEEARS-Data-Resources,8,7,2,2
2025-09-20,nasa/AppEEARS-Data-Resources,9,4,5,5
2025-09-21,nasa/AppEEARS-Data-Resources,18,8,2,2
2025-09-22,nasa/AppEEARS-Data-Resources,19,6,1,1
2025-09-23,nasa/AppEEARS-Data-Resources,50,16,1,1
2025-09-24,nasa/AppEEARS-Data-Resources,48,16,3,3
2025-09-25,nasa/AppEEARS-Data-Resources,71,18,1,1
2025-09-19,nasa/ECOSTRESS-Data-Resources,34,12,4,3
2025-09-20,nasa/ECOSTRESS-Data-Resources,12,2,5,5
2025-09-21,nasa/ECOSTRESS-Data-Resources,12,7,1,1
2025-09-22,nasa/ECOSTRESS-Data-Resources,23,10,2,2
2025-09-23,nasa/ECOSTRESS-Data-Resources,22,7,1,1
2025-09-24,nasa/ECOSTRESS-Data-Resources,48,7,1,1
2025-09-25,nasa/ECOSTRESS-Data-Resources,61,10,1,1
2025-09-19,nasa/EMIT-Data-Resources,20,12,7,4
2025-09-20,nasa/EMIT-Data-Resources,32,8,3,3
2025-09-21,nasa/EMIT-Data-Resources,35,5,5,2
2025-09-22,nasa/EMIT-Data-Resources,41,16,6,3
2025-09-23,nasa/EMIT-Data-Resources,83,25,1,1
2025-09-24,nasa/EMIT-Data-Resources,55,21,9,7
2025-09-25,nasa/EMIT-Data-Resources,38,18,6,6
2025-09-26,nasa/EMIT-Data-Resources,5,2,2,1
2025-09-20,nasa/GEDI-Data-Resources,15,4,2,2
2025-09-21,nasa/GEDI-Data-Resources,47,8,2,2
2025-09-22,nasa/GEDI-Data-Resources,33,13,1,1
2025-09-23,nasa/GEDI-Data-Resources,59,14,1,1
2025-09-24,nasa/GEDI-Data-Resources,19,7,1,1
2025-09-25,nasa/GEDI-Data-Resources,45,13,5,5
2025-09-26,nasa/GEDI-Data-Resources,6,2,7,1
2025-09-20,nasa/HLS-Data-Resources,12,7,3,3
2025-09-21,nasa/HLS-Data-Resources,26,5,1,1
2025-09-22,nasa/HLS-Data-Resources,51,18,6,4
2025-09-23,nasa/HLS-Data-Resources,91,26,2,2
2025-09-24,nasa/HLS-Data-Resources,32,13,1,1
2025-09-25,nasa/HLS-Data-Resources,47,11,4,4
2025-09-26,nasa/HLS-Data-Resources,2,2,0,0
2025-09-20,nasa/LPDAAC-Data-Resources,5,5,7,5
2025-09-21,nasa/LPDAAC-Data-Resources,12,8,3,2
2025-09-22,nasa/LPDAAC-Data-Resources,29,8,6,4
2025-09-23,nasa/LPDAAC-Data-Resources,198,30,15,14
2025-09-24,nasa/LPDAAC-Data-Resources,20,10,3,2
2025-09-25,nasa/LPDAAC-Data-Resources,71,14,4,3
2025-09-26,nasa/LPDAAC-Data-Resources,1,1,0,0
2025-09-19,nasa/VITALS,4,4,3,3
2025-09-20,nasa/VITALS,6,4,3,3
2025-09-21,nasa/VITALS,17,6,1,1
2025-09-22,nasa/VITALS,23,10,6,5
2025-09-23,nasa/VITALS,13,9,1,1
2025-09-24,nasa/VITALS,29,9,3,3
2025-09-25,nasa/VITALS,8,5,4,3
2025-09-26,nasa/AppEEARS-Data-Resources,15,5,0,0
2025-09-27,nasa/AppEEARS-Data-Resources,11,5,3,3
2025-09-28,nasa/AppEEARS-Data-Resources,24,12,1,1
2025-09-29,nasa/AppEEARS-Data-Resources,87,19,1,1
2025-09-30,nasa/AppEEARS-Data-Resources,32,19,2,2
2025-10-01,nasa/AppEEARS-Data-Resources,53,18,1,1
2025-10-02,nasa/AppEEARS-Data-Resources,23,11,3,3
2025-10-03,nasa/AppEEARS-Data-Resources,3,1,0,0
2025-09-26,nasa/ECOSTRESS-Data-Resources,17,5,0,0
2025-09-27,nasa/ECOSTRESS-Data-Resources,29,4,1,1
2025-09-28,nasa/ECOSTRESS-Data-Resources,14,5,2,2
2025-09-29,nasa/ECOSTRESS-Data-Resources,16,9,2,2
2025-09-30,nasa/ECOSTRESS-Data-Resources,14,8,2,2
2025-10-01,nasa/ECOSTRESS-Data-Resources,28,6,1,1
2025-10-02,nasa/ECOSTRESS-Data-Resources,10,4,2,1
2025-10-03,nasa/ECOSTRESS-Data-Resources,3,1,0,0
2025-09-27,nasa/EMIT-Data-Resources,26,7,4,3
2025-09-28,nasa/EMIT-Data-Resources,27,8,5,4
2025-09-29,nasa/EMIT-Data-Resources,43,15,8,4
2025-09-30,nasa/EMIT-Data-Resources,36,15,4,3
2025-10-01,nasa/EMIT-Data-Resources,43,20,10,6
2025-10-02,nasa/EMIT-Data-Resources,28,16,1,1
2025-09-27,nasa/GEDI-Data-Resources,7,3,1,1
2025-09-28,nasa/GEDI-Data-Resources,16,6,1,1
2025-09-29,nasa/GEDI-Data-Resources,46,12,1,1
2025-09-30,nasa/GEDI-Data-Resources,8,6,1,1
2025-10-01,nasa/GEDI-Data-Resources,21,10,1,1
2025-10-02,nasa/GEDI-Data-Resources,27,7,3,3
2025-10-03,nasa/GEDI-Data-Resources,1,1,1,1
2025-09-27,nasa/HLS-Data-Resources,14,7,3,2
2025-09-28,nasa/HLS-Data-Resources,6,3,3,3
2025-09-29,nasa/HLS-Data-Resources,46,16,1,1
2025-09-30,nasa/HLS-Data-Resources,52,17,1,1
2025-10-01,nasa/HLS-Data-Resources,45,20,2,2
2025-10-02,nasa/HLS-Data-Resources,58,15,3,3
2025-09-27,nasa/LPDAAC-Data-Resources,7,6,6,3
2025-09-28,nasa/LPDAAC-Data-Resources,22,7,2,2
2025-09-29,nasa/LPDAAC-Data-Resources,24,11,6,5
2025-09-30,nasa/LPDAAC-Data-Resources,50,20,3,2
2025-10-01,nasa/LPDAAC-Data-Resources,17,9,6,4
2025-10-02,nasa/LPDAAC-Data-Resources,10,7,5,3
2025-09-26,nasa/VITALS,7,7,0,0
2025-09-27,nasa/VITALS,2,2,6,5
2025-09-28,nasa/VITALS,1,1,6,6
2025-09-29,nasa/VITALS,9,7,3,2
2025-09-30,nasa/VITALS,15,6,0,0
2025-10-01,nasa/VITALS,7,4,1,1
2025-10-02,nasa/VITALS,1,1,2,1
2025-10-04,nasa/AppEEARS-Data-Resources,122,41,2,2
2025-10-05,nasa/AppEEARS-Data-Resources,84,23,2,2
2025-10-06,nasa/AppEEARS-Data-Resources,21,11,4,3
2025-10-07,nasa/AppEEARS-Data-Resources,35,12,2,2
2025-10-08,nasa/AppEEARS-Data-Resources,42,16,1,1
2025-10-09,nasa/AppEEARS-Data-Resources,7,5,2,2
2025-10-10,nasa/AppEEARS-Data-Resources,5,3,1,1
2025-10-04,nasa/ECOSTRESS-Data-Resources,10,3,1,1
2025-10-05,nasa/ECOSTRESS-Data-Resources,18,9,2,2
2025-10-06,nasa/ECOSTRESS-Data-Resources,39,10,1,1
2025-10-07,nasa/ECOSTRESS-Data-Resources,31,5,2,2
2025-10-08,nasa/ECOSTRESS-Data-Resources,18,8,1,1
2025-10-09,nasa/ECOSTRESS-Data-Resources,30,10,2,2
2025-10-03,nasa/EMIT-Data-Resources,57,23,9,6
2025-10-04,nasa/EMIT-Data-Resources,56,10,3,2
2025-10-05,nasa/EMIT-Data-Resources,56,8,5,3
2025-10-06,nasa/EMIT-Data-Resources,41,18,5,4
2025-10-07,nasa/EMIT-Data-Resources,109,22,5,4
2025-10-08,nasa/EMIT-Data-Resources,70,21,3,2
2025-10-09,nasa/EMIT-Data-Resources,74,17,5,2
2025-10-04,nasa/GEDI-Data-Resources,24,8,1,1
2025-10-05,nasa/GEDI-Data-Resources,14,8,1,1
2025-10-06,nasa/GEDI-Data-Resources,36,13,5,4
2025-10-07,nasa/GEDI-Data-Resources,58,10,2,2
2025-10-08,nasa/GEDI-Data-Resources,50,15,2,2
2025-10-09,nasa/GEDI-Data-Resources,51,15,1,1
2025-10-10,nasa/GEDI-Data-Resources,10,3,0,0
2025-10-03,nasa/HLS-Data-Resources,37,12,2,2
2025-10-04,nasa/HLS-Data-Resources,25,7,1,1
2025-10-05,nasa/HLS-Data-Resources,19,8,2,2
2025-10-06,nasa/HLS-Data-Resources,33,15,1,1
2025-10-07,nasa/HLS-Data-Resources,45,11,2,2
2025-10-08,nasa/HLS-Data-Resources,33,15,1,1
2025-10-09,nasa/HLS-Data-Resources,66,17,1,1
2025-10-10,nasa/HLS-Data-Resources,3,2,0,0
2025-10-03,nasa/LPDAAC-Data-Resources,16,8,6,5
2025-10-04,nasa/LPDAAC-Data-Resources,20,12,3,2
2025-10-05,nasa/LPDAAC-Data-Resources,24,9,5,2
2025-10-06,nasa/LPDAAC-Data-Resources,15,10,6,3
2025-10-07,nasa/LPDAAC-Data-Resources,192,12,4,3
2025-10-08,nasa/LPDAAC-Data-Resources,177,15,3,2
2025-10-09,nasa/LPDAAC-Data-Resources,35,13,11,7
2025-10-10,nasa/LPDAAC-Data-Resources,1,1,0,0
2025-10-03,nasa/VITALS,2,2,3,3
2025-10-04,nasa/VITALS,8,3,1,1
2025-10-05,nasa/VITALS,8,4,1,1
2025-10-06,nasa/VITALS,8,4,3,3
2025-10-07,nasa/VITALS,35,7,5,5
2025-10-08,nasa/VITALS,10,7,1,1
2025-10-09,nasa/VITALS,5,4,6,6
2025-10-11,nasa/AppEEARS-Data-Resources,18,4,3,2
2025-10-12,nasa/AppEEARS-Data-Resources,3,2,1,1
2025-10-13,nasa/AppEEARS-Data-Resources,9,6,1,1
2025-10-14,nasa/AppEEARS-Data-Resources,40,7,2,2
2025-10-15,nasa/AppEEARS-Data-Resources,4,2,3,3
2025-10-16,nasa/AppEEARS-Data-Resources,41,12,2,2
2025-10-10,nasa/ECOSTRESS-Data-Resources,11,7,2,2
2025-10-11,nasa/ECOSTRESS-Data-Resources,8,4,1,1
2025-10-12,nasa/ECOSTRESS-Data-Resources,9,6,1,1
2025-10-13,nasa/ECOSTRESS-Data-Resources,23,8,1,1
2025-10-14,nasa/ECOSTRESS-Data-Resources,132,16,3,3
2025-10-15,nasa/ECOSTRESS-Data-Resources,23,9,3,3
2025-10-16,nasa/ECOSTRESS-Data-Resources,15,7,3,2
2025-10-10,nasa/EMIT-Data-Resources,54,14,6,3
2025-10-11,nasa/EMIT-Data-Resources,29,10,4,3
2025-10-12,nasa/EMIT-Data-Resources,19,8,3,2
2025-10-13,nasa/EMIT-Data-Resources,61,14,7,5
2025-10-14,nasa/EMIT-Data-Resources,44,14,5,2
2025-10-15,nasa/EMIT-Data-Resources,55,17,3,3
2025-10-16,nasa/EMIT-Data-Resources,44,15,2,2
2025-10-17,nasa/EMIT-Data-Resources,1,1,0,0
2025-10-11,nasa/GEDI-Data-Resources,20,13,4,4
2025-10-12,nasa/GEDI-Data-Resources,19,10,1,1
2025-10-13,nasa/GEDI-Data-Resources,52,16,2,1
2025-10-14,nasa/GEDI-Data-Resources,12,11,1,1
2025-10-15,nasa/GEDI-Data-Resources,17,8,5,5
2025-10-16,nasa/GEDI-Data-Resources,72,14,1,1
2025-10-17,nasa/GEDI-Data-Resources,1,1,0,0
2025-10-11,nasa/HLS-Data-Resources,3,3,1,1
2025-10-12,nasa/HLS-Data-Resources,26,14,2,2
2025-10-13,nasa/HLS-Data-Resources,62,14,6,5
2025-10-14,nasa/HLS-Data-Resources,23,13,1,1
2025-10-15,nasa/HLS-Data-Resources,26,7,4,4
2025-10-16,nasa/HLS-Data-Resources,35,14,1,1
2025-10-17,nasa/HLS-Data-Resources,9,4,0,0
2025-10-11,nasa/LPDAAC-Data-Resources,1,1,8,4
2025-10-12,nasa/LPDAAC-Data-Resources,8,6,3,2
2025-10-13,nasa/LPDAAC-Data-Resources,23,11,2,1
2025-10-14,nasa/LPDAAC-Data-Resources,25,9,1,1
2025-10-15,nasa/LPDAAC-Data-Resources,33,7,7,4
2025-10-16,nasa/LPDAAC-Data-Resources,22,11,3,3
2025-10-10,nasa/VITALS,3,3,2,2
2025-10-11,nasa/VITALS,3,3,2,2
2025-10-12,nasa/VITALS,1,1,1,1
2025-10-13,nasa/VITALS,4,2,2,2
2025-10-14,nasa/VITALS,13,8,6,4
2025-10-15,nasa/VITALS,4,4,5,5
2025-10-16,nasa/VITALS,3,2,2,2
2025-10-17,nasa/AppEEARS-Data-Resources,13,6,4,4
2025-10-18,nasa/AppEEARS-Data-Resources,8,5,3,2
2025-10-19,nasa/AppEEARS-Data-Resources,8,4,1,1
2025-10-20,nasa/AppEEARS-Data-Resources,2,2,2,2
2025-10-21,nasa/AppEEARS-Data-Resources,15,10,0,0
2025-10-22,nasa/AppEEARS-Data-Resources,19,10,2,2
2025-10-23,nasa/AppEEARS-Data-Resources,20,10,2,2
2025-10-17,nasa/ECOSTRESS-Data-Resources,13,6,19,10
2025-10-18,nasa/ECOSTRESS-Data-Resources,8,3,2,1
2025-10-19,nasa/ECOSTRESS-Data-Resources,5,5,1,1
2025-10-20,nasa/ECOSTRESS-Data-Resources,21,11,0,0
2025-10-21,nasa/ECOSTRESS-Data-Resources,24,11,0,0
2025-10-22,nasa/ECOSTRESS-Data-Resources,46,18,1,1
2025-10-23,nasa/ECOSTRESS-Data-Resources,55,14,2,2
2025-10-24,nasa/ECOSTRESS-Data-Resources,6,2,0,0
2025-10-18,nasa/EMIT-Data-Resources,18,10,3,2
2025-10-19,nasa/EMIT-Data-Resources,68,16,4,1
2025-10-20,nasa/EMIT-Data-Resources,28,9,7,4
2025-10-21,nasa/EMIT-Data-Resources,42,21,4,4
2025-10-22,nasa/EMIT-Data-Resources,44,15,3,3
2025-10-23,nasa/EMIT-Data-Resources,83,29,3,3
2025-10-24,nasa/EMIT-Data-Resources,4,3,4,1
2025-10-18,nasa/GEDI-Data-Resources,14,11,2,1
2025-10-19,nasa/GEDI-Data-Resources,10,7,0,0
2025-10-20,nasa/GEDI-Data-Resources,54,20,0,0
2025-10-21,nasa/GEDI-Data-Resources,17,11,1,1
2025-10-22,nasa/GEDI-Data-Resources,19,11,3,3
2025-10-23,nasa/GEDI-Data-Resources,79,38,1,1
2025-10-24,nasa/GEDI-Data-Resources,4,2,0,0
2025-10-18,nasa/HLS-Data-Resources,7,6,3,2
2025-10-19,nasa/HLS-Data-Resources,15,7,0,0
2025-10-20,nasa/HLS-Data-Resources,34,10,0,0
2025-10-21,nasa/HLS-Data-Resources,50,13,0,0
2025-10-22,nasa/HLS-Data-Resources,67,18,1,1
2025-10-23,nasa/HLS-Data-Resources,65,22,3,3
2025-10-24,nasa/HLS-Data-Resources,3,3,3,3
2025-10-17,nasa/LPDAAC-Data-Resources,64,10,7,7
2025-10-18,nasa/LPDAAC-Data-Resources,10,7,4,3
2025-10-19,nasa/LPDAAC-Data-Resources,4,4,0,0
2025-10-20,nasa/LPDAAC-Data-Resources,19,12,1,1
2025-10-21,nasa/LPDAAC-Data-Resources,34,10,0,0
2025-10-22,nasa/LPDAAC-Data-Resources,25,12,10,6
2025-10-23,nasa/LPDAAC-Data-Resources,45,18,5,5
2025-10-17,nasa/VITALS,7,5,31,3
2025-10-18,nasa/VITALS,3,3,3,2
2025-10-19,nasa/VITALS,1,1,1,1
2025-10-20,nasa/VITALS,5,5,2,2
2025-10-21,nasa/VITALS,2,2,0,0
2025-10-22,nasa/VITALS,5,2,1,1
2025-10-23,nasa/VITALS,13,7,4,4
2025-10-24,nasa/AppEEARS-Data-Resources,8,5,0,0
2025-10-25,nasa/AppEEARS-Data-Resources,10,9,0,0
2025-10-26,nasa/AppEEARS-Data-Resources,10,7,0,0
2025-10-27,nasa/AppEEARS-Data-Resources,11,11,0,0
2025-10-28,nasa/AppEEARS-Data-Resources,27,11,2,2
2025-10-29,nasa/AppEEARS-Data-Resources,22,8,3,2
2025-10-30,nasa/AppEEARS-Data-Resources,35,12,1,1
2025-10-25,nasa/ECOSTRESS-Data-Resources,22,9,1,1
2025-10-26,nasa/ECOSTRESS-Data-Resources,8,6,0,0
2025-10-27,nasa/ECOSTRESS-Data-Resources,10,7,0,0
2025-10-28,nasa/ECOSTRESS-Data-Resources,13,7,2,2
2025-10-29,nasa/ECOSTRESS-Data-Resources,21,6,23,5
2025-10-30,nasa/ECOSTRESS-Data-Resources,31,8,1,1
2025-10-25,nasa/EMIT-Data-Resources,19,10,2,2
2025-10-26,nasa/EMIT-Data-Resources,4,4,1,1
2025-10-27,nasa/EMIT-Data-Resources,68,19,3,2
2025-10-28,nasa/EMIT-Data-Resources,57,21,8,5
2025-10-29,nasa/EMIT-Data-Resources,34,15,1,1
2025-10-30,nasa/EMIT-Data-Resources,73,15,6,4
2025-10-31,nasa/EMIT-Data-Resources,3,2,0,0
2025-10-25,nasa/GEDI-Data-Resources,9,5,1,1
2025-10-26,nasa/GEDI-Data-Resources,8,5,1,1
2025-10-27,nasa/GEDI-Data-Resources,13,13,0,0
2025-10-28,nasa/GEDI-Data-Resources,29,14,2,2
2025-10-29,nasa/GEDI-Data-Resources,72,15,0,0
2025-10-30,nasa/GEDI-Data-Resources,33,19,1,1
2025-10-31,nasa/GEDI-Data-Resources,2,2,0,0
2025-10-25,nasa/HLS-Data-Resources,15,6,1,1
2025-10-26,nasa/HLS-Data-Resources,4,2,0,0
2025-10-27,nasa/HLS-Data-Resources,13,6,3,2
2025-10-28,nasa/HLS-Data-Resources,66,15,6,6
2025-10-29,nasa/HLS-Data-Resources,32,12,0,0
2025-10-30,nasa/HLS-Data-Resources,49,15,3,2
2025-10-31,nasa/HLS-Data-Resources,15,4,0,0
2025-10-24,nasa/LPDAAC-Data-Resources,17,12,1,1
2025-10-25,nasa/LPDAAC-Data-Resources,20,7,0,0
2025-10-26,nasa/LPDAAC-Data-Resources,33,11,4,4
2025-10-27,nasa/LPDAAC-Data-Resources,25,11,5,3
2025-10-28,nasa/LPDAAC-Data-Resources,25,14,3,3
2025-10-29,nasa/LPDAAC-Data-Resources,10,8,3,3
2025-10-30,nasa/LPDAAC-Data-Resources,17,12,2,2
2025-10-31,nasa/LPDAAC-Data-Resources,1,1,0,0
2025-10-24,nasa/VITALS,12,4,2,1
2025-10-25,nasa/VITALS,3,2,0,0
2025-10-26,nasa/VITALS,3,2,0,0
2025-10-27,nasa/VITALS,8,8,0,0
2025-10-28,nasa/VITALS,20,6,1,1
2025-10-29,nasa/VITALS,4,4,20,7
2025-10-30,nasa/VITALS,23,7,2,2
2025-10-31,nasa/VITALS,27,3,0,0
2025-10-31,nasa/AppEEARS-Data-Resources,2,2,2,2
2025-11-01,nasa/AppEEARS-Data-Resources,3,3,0,0
2025-11-02,nasa/AppEEARS-Data-Resources,4,2,3,1
2025-11-03,nasa/AppEEARS-Data-Resources,12,9,1,1
2025-11-04,nasa/AppEEARS-Data-Resources,23,9,1,1
2025-11-05,nasa/AppEEARS-Data-Resources,9,5,2,2
2025-11-06,nasa/AppEEARS-Data-Resources,47,11,4,4
2025-11-07,nasa/AppEEARS-Data-Resources,4,2,1,1
2025-10-31,nasa/ECOSTRESS-Data-Resources,7,4,0,0
2025-11-01,nasa/ECOSTRESS-Data-Resources,10,4,1,1
2025-11-02,nasa/ECOSTRESS-Data-Resources,5,2,0,0
2025-11-03,nasa/ECOSTRESS-Data-Resources,9,6,5,3
2025-11-04,nasa/ECOSTRESS-Data-Resources,19,7,0,0
2025-11-05,nasa/ECOSTRESS-Data-Resources,15,5,1,1
2025-11-06,nasa/ECOSTRESS-Data-Resources,35,13,3,3
2025-11-07,nasa/ECOSTRESS-Data-Resources,2,2,1,1
2025-11-01,nasa/EMIT-Data-Resources,13,7,1,1
2025-11-02,nasa/EMIT-Data-Resources,12,4,4,2
2025-11-03,nasa/EMIT-Data-Resources,55,14,2,2
2025-11-04,nasa/EMIT-Data-Resources,164,25,7,5
2025-11-05,nasa/EMIT-Data-Resources,71,17,3,3
2025-11-06,nasa/EMIT-Data-Resources,105,21,6,6
2025-11-07,nasa/EMIT-Data-Resources,21,2,3,2
2025-11-01,nasa/GEDI-Data-Resources,22,9,1,1
2025-11-02,nasa/GEDI-Data-Resources,12,7,3,1
2025-11-03,nasa/GEDI-Data-Resources,30,11,2,2
2025-11-04,nasa/GEDI-Data-Resources,58,14,2,1
2025-11-05,nasa/GEDI-Data-Resources,68,19,1,1
2025-11-06,nasa/GEDI-Data-Resources,43,15,2,2
2025-11-07,nasa/GEDI-Data-Resources,6,3,1,1
2025-11-01,nasa/HLS-Data-Resources,5,5,0,0
2025-11-02,nasa/HLS-Data-Resources,12,4,3,1
2025-11-03,nasa/HLS-Data-Resources,22,8,2,2
2025-11-04,nasa/HLS-Data-Resources,77,16,6,5
2025-11-05,nasa/HLS-Data-Resources,52,13,1,1
2025-11-06,nasa/HLS-Data-Resources,43,16,3,3
2025-11-01,nasa/LPDAAC-Data-Resources,5,5,0,0
2025-11-02,nasa/LPDAAC-Data-Resources,19,5,3,1
2025-11-03,nasa/LPDAAC-Data-Resources,34,14,1,1
2025-11-04,nasa/LPDAAC-Data-Resources,9,7,1,1
2025-11-05,nasa/LPDAAC-Data-Resources,43,18,1,1
2025-11-06,nasa/LPDAAC-Data-Resources,20,12,7,4
2025-11-07,nasa/LPDAAC-Data-Resources,5,3,1,1
2025-11-01,nasa/VITALS,6,3,3,3
2025-11-02,nasa/VITALS,1,1,0,0
2025-11-03,nasa/VITALS,4,4,4,2
2025-11-04,nasa/VITALS,19,6,2,2
2025-11-05,nasa/VITALS,9,8,3,3
2025-11-06,nasa/VITALS,10,5,4,4
2025-11-08,nasa/AppEEARS-Data-Resources,2,2,1,1
2025-11-09,nasa/AppEEARS-Data-Resources,11,3,2,2
2025-11-10,nasa/AppEEARS-Data-Resources,9,6,2,2
2025-11-11,nasa/AppEEARS-Data-Resources,7,6,1,1
2025-11-12,nasa/AppEEARS-Data-Resources,61,8,10,3
2025-11-13,nasa/AppEEARS-Data-Resources,41,14,1,1
2025-11-08,nasa/ECOSTRESS-Data-Resources,4,4,1,1
2025-11-09,nasa/ECOSTRESS-Data-Resources,4,2,3,3
2025-11-10,nasa/ECOSTRESS-Data-Resources,19,8,2,2
2025-11-11,nasa/ECOSTRESS-Data-Resources,22,8,1,1
2025-11-12,nasa/ECOSTRESS-Data-Resources,13,5,2,2
2025-11-13,nasa/ECOSTRESS-Data-Resources,18,8,1,1
2025-11-08,nasa/EMIT-Data-Resources,4,3,6,3
2025-11-09,nasa/EMIT-Data-Resources,18,11,2,2
2025-11-10,nasa/EMIT-Data-Resources,40,23,3,3
2025-11-11,nasa/EMIT-Data-Resources,64,18,4,4
2025-11-12,nasa/EMIT-Data-Resources,47,14,1,1
2025-11-13,nasa/EMIT-Data-Resources,46,18,2,2
2025-11-08,nasa/GEDI-Data-Resources,24,9,1,1
2025-11-09,nasa/GEDI-Data-Resources,20,6,2,2
2025-11-10,nasa/GEDI-Data-Resources,14,12,2,2
2025-11-11,nasa/GEDI-Data-Resources,25,8,1,1
2025-11-12,nasa/GEDI-Data-Resources,23,15,3,3
2025-11-13,nasa/GEDI-Data-Resources,25,16,2,2
2025-11-14,nasa/GEDI-Data-Resources,1,1,0,0
2025-11-07,nasa/HLS-Data-Resources,56,7,5,4
2025-11-08,nasa/HLS-Data-Resources,5,5,1,1
2025-11-09,nasa/HLS-Data-Resources,16,5,2,2
2025-11-10,nasa/HLS-Data-Resources,52,18,2,2
2025-11-11,nasa/HLS-Data-Resources,28,15,1,1
2025-11-12,nasa/HLS-Data-Resources,37,14,2,2
2025-11-13,nasa/HLS-Data-Resources,30,14,1,1
2025-11-14,nasa/HLS-Data-Resources,1,1,0,0
2025-11-08,nasa/LPDAAC-Data-Resources,9,5,1,1
2025-11-09,nasa/LPDAAC-Data-Resources,20,6,2,2
2025-11-10,nasa/LPDAAC-Data-Resources,11,6,3,3
2025-11-11,nasa/LPDAAC-Data-Resources,31,11,1,1
2025-11-12,nasa/LPDAAC-Data-Resources,28,9,1,1
2025-11-13,nasa/LPDAAC-Data-Resources,19,9,7,4
2025-11-07,nasa/VITALS,7,2,6,5
2025-11-08,nasa/VITALS,7,3,1,1
2025-11-09,nasa/VITALS,3,3,2,2
2025-11-10,nasa/VITALS,13,6,2,2
2025-11-11,nasa/VITALS,1,1,2,2
2025-11-12,nasa/VITALS,3,2,2,2
2025-11-13,nasa/VITALS,6,6,1,1
2025-11-14,nasa/AppEEARS-Data-Resources,50,11,1,1
2025-11-15,nasa/AppEEARS-Data-Resources,1,1,2,1
2025-11-16,nasa/AppEEARS-Data-Resources,2,2,1,1
2025-11-17,nasa/AppEEARS-Data-Resources,8,5,3,3
2025-11-18,nasa/AppEEARS-Data-Resources,29,13,3,2
2025-11-19,nasa/AppEEARS-Data-Resources,27,12,6,5
2025-11-20,nasa/AppEEARS-Data-Resources,11,4,0,0
2025-11-21,nasa/AppEEARS-Data-Resources,1,1,1,1
2025-11-14,nasa/ECOSTRESS-Data-Resources,8,5,2,2
2025-11-15,nasa/ECOSTRESS-Data-Resources,6,4,2,1
2025-11-16,nasa/ECOSTRESS-Data-Resources,4,3,2,2
2025-11-17,nasa/ECOSTRESS-Data-Resources,9,6,2,2
2025-11-18,nasa/ECOSTRESS-Data-Resources,22,6,3,2
2025-11-19,nasa/ECOSTRESS-Data-Resources,25,12,3,3
2025-11-20,nasa/ECOSTRESS-Data-Resources,16,9,0,0
2025-11-14,nasa/EMIT-Data-Resources,18,10,1,1
2025-11-15,nasa/EMIT-Data-Resources,29,12,2,1
2025-11-16,nasa/EMIT-Data-Resources,7,5,5,2
2025-11-17,nasa/EMIT-Data-Resources,93,20,4,3
2025-11-18,nasa/EMIT-Data-Resources,69,21,3,2
2025-11-19,nasa/EMIT-Data-Resources,122,25,4,4
2025-11-20,nasa/EMIT-Data-Resources,84,20,4,4
2025-11-21,nasa/EMIT-Data-Resources,10,4,2,2
2025-11-15,nasa/GEDI-Data-Resources,2,2,2,1
2025-11-16,nasa/GEDI-Data-Resources,17,4,1,1
2025-11-17,nasa/GEDI-Data-Resources,40,22,4,4
2025-11-18,nasa/GEDI-Data-Resources,13,8,3,2
2025-11-19,nasa/GEDI-Data-Resources,39,10,3,3
2025-11-20,nasa/GEDI-Data-Resources,41,10,1,1
2025-11-21,nasa/GEDI-Data-Resources,1,1,1,1
2025-11-15,nasa/HLS-Data-Resources,16,5,2,1
2025-11-16,nasa/HLS-Data-Resources,10,3,1,1
2025-11-17,nasa/HLS-Data-Resources,48,11,4,4
2025-11-18,nasa/HLS-Data-Resources,55,12,3,2
2025-11-19,nasa/HLS-Data-Resources,33,10,3,3
2025-11-20,nasa/HLS-Data-Resources,18,8,1,1
2025-11-21,nasa/HLS-Data-Resources,3,2,1,1
2025-11-14,nasa/LPDAAC-Data-Resources,22,13,11,10
2025-11-15,nasa/LPDAAC-Data-Resources,9,7,2,1
2025-11-16,nasa/LPDAAC-Data-Resources,34,7,3,3
2025-11-17,nasa/LPDAAC-Data-Resources,27,12,6,6
2025-11-18,nasa/LPDAAC-Data-Resources,23,13,3,2
2025-11-19,nasa/LPDAAC-Data-Resources,25,15,4,4
2025-11-20,nasa/LPDAAC-Data-Resources,11,8,4,1
2025-11-21,nasa/LPDAAC-Data-Resources,1,1,1,1
2025-11-14,nasa/VITALS,30,5,1,1
2025-11-15,nasa/VITALS,1,1,2,1
2025-11-16,nasa/VITALS,1,1,1,1
2025-11-17,nasa/VITALS,8,6,2,2
2025-11-18,nasa/VITALS,7,3,3,2
2025-11-19,nasa/VITALS,23,3,3,3
2025-11-20,nasa/VITALS,37,9,1,1
2025-11-22,nasa/AppEEARS-Data-Resources,5,4,2,2
2025-11-23,nasa/AppEEARS-Data-Resources,18,4,2,2
2025-11-24,nasa/AppEEARS-Data-Resources,7,3,3,3
2025-11-25,nasa/AppEEARS-Data-Resources,18,12,2,2
2025-11-26,nasa/AppEEARS-Data-Resources,2,1,1,1
2025-11-27,nasa/AppEEARS-Data-Resources,15,8,3,3
2025-11-28,nasa/AppEEARS-Data-Resources,1,1,0,0
2025-11-21,nasa/ECOSTRESS-Data-Resources,8,6,2,2
2025-11-22,nasa/ECOSTRESS-Data-Resources,1,1,0,0
2025-11-23,nasa/ECOSTRESS-Data-Resources,4,4,1,1
2025-11-24,nasa/ECOSTRESS-Data-Resources,11,7,2,2
2025-11-25,nasa/ECOSTRESS-Data-Resources,61,6,0,0
2025-11-26,nasa/ECOSTRESS-Data-Resources,16,5,2,2
2025-11-27,nasa/ECOSTRESS-Data-Resources,9,9,2,2
2025-11-28,nasa/ECOSTRESS-Data-Resources,7,4,0,0
2025-11-22,nasa/EMIT-Data-Resources,14,8,4,1
2025-11-23,nasa/EMIT-Data-Resources,31,8,1,1
2025-11-24,nasa/EMIT-Data-Resources,60,14,1,1
2025-11-25,nasa/EMIT-Data-Resources,78,23,1,1
2025-11-26,nasa/EMIT-Data-Resources,95,13,42,14
2025-11-27,nasa/EMIT-Data-Resources,33,14,15,14
2025-11-28,nasa/EMIT-Data-Resources,4,2,4,3
2025-11-22,nasa/GEDI-Data-Resources,11,6,2,1
2025-11-23,nasa/GEDI-Data-Resources,12,6,2,2
2025-11-24,nasa/GEDI-Data-Resources,30,15,1,1
2025-11-25,nasa/GEDI-Data-Resources,21,12,0,0
2025-11-26,nasa/GEDI-Data-Resources,24,7,1,1
2025-11-27,nasa/GEDI-Data-Resources,10,5,2,2
2025-11-22,nasa/HLS-Data-Resources,10,5,4,3
2025-11-23,nasa/HLS-Data-Resources,2,2,3,3
2025-11-24,nasa/HLS-Data-Resources,43,12,1,1
2025-11-25,nasa/HLS-Data-Resources,24,12,0,0
2025-11-26,nasa/HLS-Data-Resources,40,14,2,2
2025-11-27,nasa/HLS-Data-Resources,18,4,2,2
2025-11-28,nasa/HLS-Data-Resources,2,1,0,0
2025-11-22,nasa/LPDAAC-Data-Resources,15,6,0,0
2025-11-23,nasa/LPDAAC-Data-Resources,8,5,1,1
2025-11-24,nasa/LPDAAC-Data-Resources,16,9,2,2
2025-11-25,nasa/LPDAAC-Data-Resources,32,16,4,1
2025-11-26,nasa/LPDAAC-Data-Resources,41,10,2,2
2025-11-27,nasa/LPDAAC-Data-Resources,12,7,2,2
2025-11-28,nasa/LPDAAC-Data-Resources,2,1,0,0
2025-11-21,nasa/VITALS,49,7,13,12
2025-11-22,nasa/VITALS,6,4,0,0
2025-11-23,nasa/VITALS,3,2,3,3
2025-11-24,nasa/VITALS,56,7,7,6
2025-11-25,nasa/VITALS,2,2,0,0
2025-11-26,nasa/VITALS,24,6,1,1
2025-11-27,nasa/VITALS,7,3,2,2
2025-11-29,nasa/AppEEARS-Data-Resources,11,6,4,4
2025-11-30,nasa/AppEEARS-Data-Resources,8,4,1,1
2025-12-01,nasa/AppEEARS-Data-Resources,25,15,2,1
2025-12-02,nasa/AppEEARS-Data-Resources,23,4,1,1
2025-12-03,nasa/AppEEARS-Data-Resources,8,6,3,3
2025-12-04,nasa/AppEEARS-Data-Resources,5,4,2,2
2025-12-05,nasa/AppEEARS-Data-Resources,1,1,0,0
2025-11-29,nasa/ECOSTRESS-Data-Resources,10,5,5,4
2025-11-30,nasa/ECOSTRESS-Data-Resources,22,4,1,1
2025-12-01,nasa/ECOSTRESS-Data-Resources,37,6,3,2
2025-12-02,nasa/ECOSTRESS-Data-Resources,32,9,1,1
2025-12-03,nasa/ECOSTRESS-Data-Resources,29,15,3,3
2025-12-04,nasa/ECOSTRESS-Data-Resources,4,4,1,1
2025-12-05,nasa/ECOSTRESS-Data-Resources,2,2,0,0
2025-11-29,nasa/EMIT-Data-Resources,46,12,19,17
2025-11-30,nasa/EMIT-Data-Resources,57,15,19,16
2025-12-01,nasa/EMIT-Data-Resources,18,8,14,13
2025-12-02,nasa/EMIT-Data-Resources,82,18,22,19
2025-12-03,nasa/EMIT-Data-Resources,103,20,16,16
2025-12-04,nasa/EMIT-Data-Resources,86,13,2,2
2025-12-05,nasa/EMIT-Data-Resources,20,5,2,2
2025-11-28,nasa/GEDI-Data-Resources,15,8,0,0
2025-11-29,nasa/GEDI-Data-Resources,11,3,3,3
2025-11-30,nasa/GEDI-Data-Resources,8,8,3,3
2025-12-01,nasa/GEDI-Data-Resources,23,9,2,1
2025-12-02,nasa/GEDI-Data-Resources,25,11,1,1
2025-12-03,nasa/GEDI-Data-Resources,32,9,3,3
2025-12-04,nasa/GEDI-Data-Resources,4,3,2,2
2025-11-29,nasa/HLS-Data-Resources,10,4,3,3
2025-11-30,nasa/HLS-Data-Resources,23,8,1,1
2025-12-01,nasa/HLS-Data-Resources,43,16,2,1
2025-12-02,nasa/HLS-Data-Resources,28,10,5,5
2025-12-03,nasa/HLS-Data-Resources,21,11,4,4
2025-12-04,nasa/HLS-Data-Resources,25,11,1,1
2025-12-05,nasa/HLS-Data-Resources,1,1,0,0
2025-11-29,nasa/LPDAAC-Data-Resources,9,8,4,3
2025-11-30,nasa/LPDAAC-Data-Resources,39,17,1,1
2025-12-01,nasa/LPDAAC-Data-Resources,22,15,9,4
2025-12-02,nasa/LPDAAC-Data-Resources,29,15,1,1
2025-12-03,nasa/LPDAAC-Data-Resources,39,18,13,8
2025-12-04,nasa/LPDAAC-Data-Resources,34,12,2,2
2025-11-28,nasa/VITALS,1,1,0,0
2025-11-29,nasa/VITALS,12,6,5,4
2025-11-30,nasa/VITALS,5,3,2,2
2025-12-01,nasa/VITALS,12,5,4,2
2025-12-02,nasa/VITALS,67,15,3,3
2025-12-03,nasa/VITALS,29,8,5,4
2025-12-04,nasa/VITALS,16,4,9,8
2025-12-05,nasa/VITALS,1,1,0,0
2025-12-06,nasa/AppEEARS-Data-Resources,3,2,4,3
2025-12-07,nasa/AppEEARS-Data-Resources,9,4,2,2
2025-12-08,nasa/AppEEARS-Data-Resources,2,2,2,2
2025-12-09,nasa/AppEEARS-Data-Resources,15,10,9,6
2025-12-10,nasa/AppEEARS-Data-Resources,5,5,4,3
2025-12-11,nasa/AppEEARS-Data-Resources,4,4,2,2
2025-12-06,nasa/ECOSTRESS-Data-Resources,17,5,3,2
2025-12-07,nasa/ECOSTRESS-Data-Resources,3,3,1,1
2025-12-08,nasa/ECOSTRESS-Data-Resources,26,12,2,2
2025-12-09,nasa/ECOSTRESS-Data-Resources,7,6,10,7
2025-12-10,nasa/ECOSTRESS-Data-Resources,8,6,4,3
2025-12-11,nasa/ECOSTRESS-Data-Resources,18,11,1,1
2025-12-12,nasa/ECOSTRESS-Data-Resources,1,1,0,0
2025-12-06,nasa/EMIT-Data-Resources,14,8,3,2
2025-12-07,nasa/EMIT-Data-Resources,25,10,1,1
2025-12-08,nasa/EMIT-Data-Resources,79,19,10,6
2025-12-09,nasa/EMIT-Data-Resources,43,20,5,3
2025-12-10,nasa/EMIT-Data-Resources,71,20,6,5
2025-12-11,nasa/EMIT-Data-Resources,42,16,4,4
2025-12-12,nasa/EMIT-Data-Resources,7,3,0,0
2025-12-05,nasa/GEDI-Data-Resources,15,8,1,1
2025-12-06,nasa/GEDI-Data-Resources,10,4,2,1
2025-12-07,nasa/GEDI-Data-Resources,12,10,1,1
2025-12-08,nasa/GEDI-Data-Resources,10,6,2,2
2025-12-09,nasa/GEDI-Data-Resources,40,15,2,2
2025-12-10,nasa/GEDI-Data-Resources,57,17,5,4
2025-12-11,nasa/GEDI-Data-Resources,58,16,1,1
2025-12-12,nasa/GEDI-Data-Resources,1,1,0,0
2025-12-06,nasa/HLS-Data-Resources,15,7,2,1
2025-12-07,nasa/HLS-Data-Resources,9,6,1,1
2025-12-08,nasa/HLS-Data-Resources,13,5,4,4
2025-12-09,nasa/HLS-Data-Resources,23,8,1,1
2025-12-10,nasa/HLS-Data-Resources,61,20,4,3
2025-12-11,nasa/HLS-Data-Resources,42,14,3,3
2025-12-12,nasa/HLS-Data-Resources,7,3,0,0
2025-12-05,nasa/LPDAAC-Data-Resources,29,13,4,4
2025-12-06,nasa/LPDAAC-Data-Resources,31,3,7,3
2025-12-07,nasa/LPDAAC-Data-Resources,14,9,2,2
2025-12-08,nasa/LPDAAC-Data-Resources,12,7,4,4
2025-12-09,nasa/LPDAAC-Data-Resources,30,18,7,4
2025-12-10,nasa/LPDAAC-Data-Resources,58,16,5,4
2025-12-11,nasa/LPDAAC-Data-Resources,59,9,5,2
2025-12-12,nasa/LPDAAC-Data-Resources,1,1,0,0
2025-12-06,nasa/VITALS,1,1,6,5
2025-12-07,nasa/VITALS,3,3,1,1
2025-12-08,nasa/VITALS,15,6,7,7
2025-12-09,nasa/VITALS,2,2,5,3
2025-12-10,nasa/VITALS,14,7,7,6
2025-12-11,nasa/VITALS,3,3,2,2
2025-12-12,nasa/VITALS,7,1,0,0
2025-12-12,nasa/AppEEARS-Data-Resources,15,9,1,1
2025-12-13,nasa/AppEEARS-Data-Resources,7,6,4,4
2025-12-14,nasa/AppEEARS-Data-Resources,7,7,1,1
2025-12-15,nasa/AppEEARS-Data-Resources,15,12,3,3
2025-12-16,nasa/AppEEARS-Data-Resources,12,9,3,3
2025-12-17,nasa/AppEEARS-Data-Resources,7,3,1,1
2025-12-18,nasa/AppEEARS-Data-Resources,13,10,5,5
2025-12-13,nasa/ECOSTRESS-Data-Resources,5,4,2,2
2025-12-14,nasa/ECOSTRESS-Data-Resources,9,5,2,2
2025-12-15,nasa/ECOSTRESS-Data-Resources,19,11,2,2
2025-12-16,nasa/ECOSTRESS-Data-Resources,60,3,2,2
2025-12-17,nasa/ECOSTRESS-Data-Resources,16,7,2,2
2025-12-18,nasa/ECOSTRESS-Data-Resources,23,8,2,2
2025-12-19,nasa/ECOSTRESS-Data-Resources,2,1,1,1
2025-12-13,nasa/EMIT-Data-Resources,51,4,4,4
2025-12-14,nasa/EMIT-Data-Resources,20,8,3,2
2025-12-15,nasa/EMIT-Data-Resources,67,28,1,1
2025-12-16,nasa/EMIT-Data-Resources,38,8,2,2
2025-12-17,nasa/EMIT-Data-Resources,82,18,1,1
2025-12-18,nasa/EMIT-Data-Resources,65,19,2,2
2025-12-19,nasa/EMIT-Data-Resources,3,2,1,1
2025-12-13,nasa/GEDI-Data-Resources,14,9,3,3
2025-12-14,nasa/GEDI-Data-Resources,16,5,2,2
2025-12-15,nasa/GEDI-Data-Resources,22,11,1,1
2025-12-16,nasa/GEDI-Data-Resources,15,7,5,5
2025-12-17,nasa/GEDI-Data-Resources,27,7,5,4
2025-12-18,nasa/GEDI-Data-Resources,28,11,3,3
2025-12-13,nasa/HLS-Data-Resources,15,8,4,4
2025-12-14,nasa/HLS-Data-Resources,4,4,1,1
2025-12-15,nasa/HLS-Data-Resources,49,19,4,4
2025-12-16,nasa/HLS-Data-Resources,62,22,3,3
2025-12-17,nasa/HLS-Data-Resources,33,23,3,3
2025-12-18,nasa/HLS-Data-Resources,45,25,2,2
2025-12-13,nasa/LPDAAC-Data-Resources,4,4,3,3
2025-12-14,nasa/LPDAAC-Data-Resources,4,3,3,2
2025-12-15,nasa/LPDAAC-Data-Resources,18,9,2,2
2025-12-16,nasa/LPDAAC-Data-Resources,22,14,3,3
2025-12-17,nasa/LPDAAC-Data-Resources,35,21,3,3
2025-12-18,nasa/LPDAAC-Data-Resources,61,23,9,6
2025-12-13,nasa/VITALS,7,3,2,2
2025-12-14,nasa/VITALS,3,3,0,0
2025-12-15,nasa/VITALS,2,2,1,1
2025-12-16,nasa/VITALS,5,5,2,2
2025-12-17,nasa/VITALS,9,4,2,2
2025-12-18,nasa/VITALS,13,6,2,2
2025-12-19,nasa/VITALS,13,1,1,1
2025-12-19,nasa/AppEEARS-Data-Resources,14,10,3,3
2025-12-20,nasa/AppEEARS-Data-Resources,4,3,1,1
2025-12-21,nasa/AppEEARS-Data-Resources,0,0,1,1
2025-12-22,nasa/AppEEARS-Data-Resources,7,7,2,2
2025-12-23,nasa/AppEEARS-Data-Resources,14,4,4,3
2025-12-24,nasa/AppEEARS-Data-Resources,4,3,5,4
2025-12-20,nasa/ECOSTRESS-Data-Resources,3,3,1,1
2025-12-21,nasa/ECOSTRESS-Data-Resources,4,3,1,1
2025-12-22,nasa/ECOSTRESS-Data-Resources,11,6,1,1
2025-12-23,nasa/ECOSTRESS-Data-Resources,15,8,3,2
2025-12-24,nasa/ECOSTRESS-Data-Resources,5,4,4,3
2025-12-20,nasa/EMIT-Data-Resources,34,5,3,3
2025-12-21,nasa/EMIT-Data-Resources,24,7,2,2
2025-12-22,nasa/EMIT-Data-Resources,53,17,3,3
2025-12-23,nasa/EMIT-Data-Resources,41,16,3,2
2025-12-24,nasa/EMIT-Data-Resources,21,12,4,3
2025-12-19,nasa/GEDI-Data-Resources,43,15,3,3
2025-12-20,nasa/GEDI-Data-Resources,6,6,1,1
2025-12-21,nasa/GEDI-Data-Resources,8,5,2,2
2025-12-22,nasa/GEDI-Data-Resources,21,11,1,1
2025-12-23,nasa/GEDI-Data-Resources,29,14,3,2
2025-12-24,nasa/GEDI-Data-Resources,21,7,4,3
2025-12-19,nasa/HLS-Data-Resources,23,12,2,2
2025-12-20,nasa/HLS-Data-Resources,11,7,1,1
2025-12-21,nasa/HLS-Data-Resources,4,3,3,3
2025-12-22,nasa/HLS-Data-Resources,20,11,1,1
2025-12-23,nasa/HLS-Data-Resources,10,7,4,3
2025-12-24,nasa/HLS-Data-Resources,39,10,5,4
2025-12-19,nasa/LPDAAC-Data-Resources,22,7,8,6
2025-12-20,nasa/LPDAAC-Data-Resources,9,6,6,3
2025-12-21,nasa/LPDAAC-Data-Resources,7,5,2,2
2025-12-22,nasa/LPDAAC-Data-Resources,12,11,1,1
2025-12-23,nasa/LPDAAC-Data-Resources,9,9,3,2
2025-12-24,nasa/LPDAAC-Data-Resources,9,5,5,4
2025-12-20,nasa/VITALS,8,3,1,1
2025-12-21,nasa/VITALS,5,2,3,3
2025-12-22,nasa/VITALS,21,5,2,2
2025-12-23,nasa/VITALS,2,2,2,1
2025-12-24,nasa/VITALS,1,1,3,2
2025-12-25,nasa/AppEEARS-Data-Resources,1,1,4,3
2025-12-26,nasa/AppEEARS-Data-Resources,14,8,1,1
2025-12-27,nasa/AppEEARS-Data-Resources,6,2,4,2
2025-12-28,nasa/AppEEARS-Data-Resources,5,4,3,3
2025-12-29,nasa/AppEEARS-Data-Resources,20,5,2,2
2025-12-30,nasa/AppEEARS-Data-Resources,10,5,3,3
2025-12-31,nasa/AppEEARS-Data-Resources,5,5,5,3
2025-12-25,nasa/ECOSTRESS-Data-Resources,0,0,3,2
2025-12-26,nasa/ECOSTRESS-Data-Resources,9,8,3,3
2025-12-27,nasa/ECOSTRESS-Data-Resources,2,2,3,1
2025-12-28,nasa/ECOSTRESS-Data-Resources,6,2,2,2
2025-12-29,nasa/ECOSTRESS-Data-Resources,9,4,1,1
2025-12-30,nasa/ECOSTRESS-Data-Resources,5,4,3,2
2025-12-31,nasa/ECOSTRESS-Data-Resources,6,5,3,2
2025-12-25,nasa/EMIT-Data-Resources,11,8,4,3
2025-12-26,nasa/EMIT-Data-Resources,21,15,1,1
2025-12-27,nasa/EMIT-Data-Resources,14,6,3,1
2025-12-28,nasa/EMIT-Data-Resources,17,11,2,2
2025-12-29,nasa/EMIT-Data-Resources,31,12,1,1
2025-12-30,nasa/EMIT-Data-Resources,22,14,2,2
2025-12-31,nasa/EMIT-Data-Resources,99,20,7,5
2025-12-25,nasa/GEDI-Data-Resources,8,5,3,2
2025-12-26,nasa/GEDI-Data-Resources,28,2,2,2
2025-12-27,nasa/GEDI-Data-Resources,5,2,3,1
2025-12-28,nasa/GEDI-Data-Resources,11,8,2,2
2025-12-29,nasa/GEDI-Data-Resources,46,9,2,2
2025-12-30,nasa/GEDI-Data-Resources,18,6,2,2
2025-12-31,nasa/GEDI-Data-Resources,57,10,3,2
2025-12-25,nasa/HLS-Data-Resources,5,3,4,3
2025-12-26,nasa/HLS-Data-Resources,3,3,2,2
2025-12-27,nasa/HLS-Data-Resources,7,7,3,1
2025-12-28,nasa/HLS-Data-Resources,17,5,2,2
2025-12-29,nasa/HLS-Data-Resources,30,14,1,1
2025-12-30,nasa/HLS-Data-Resources,39,12,6,5
2025-12-31,nasa/HLS-Data-Resources,15,7,4,3
2025-12-25,nasa/LPDAAC-Data-Resources,5,5,3,2
2025-12-26,nasa/LPDAAC-Data-Resources,66,15,8,6
2025-12-27,nasa/LPDAAC-Data-Resources,3,3,5,3
2025-12-28,nasa/LPDAAC-Data-Resources,7,2,2,2
2025-12-29,nasa/LPDAAC-Data-Resources,16,10,2,2
2025-12-30,nasa/LPDAAC-Data-Resources,20,13,6,3
2025-12-31,nasa/LPDAAC-Data-Resources,10,8,2,1
2025-12-25,nasa/VITALS,6,4,5,4
2025-12-26,nasa/VITALS,20,2,16,7
2025-12-27,nasa/VITALS,0,0,3,1
2025-12-28,nasa/VITALS,21,5,2,2
2025-12-29,nasa/VITALS,44,15,1,1
2025-12-30,nasa/VITALS,3,3,5,4
2025-12-31,nasa/VITALS,2,2,3,2
2026-01-01,nasa/AppEEARS-Data-Resources,7,5,1,1
2026-01-02,nasa/AppEEARS-Data-Resources,7,5,2,1
2026-01-03,nasa/AppEEARS-Data-Resources,13,4,2,1
2026-01-04,nasa/AppEEARS-Data-Resources,4,2,2,2
2026-01-05,nasa/AppEEARS-Data-Resources,10,7,3,2
2026-01-06,nasa/AppEEARS-Data-Resources,28,9,6,6
2026-01-07,nasa/AppEEARS-Data-Resources,9,4,1,1
2026-01-01,nasa/ECOSTRESS-Data-Resources,2,2,2,2
2026-01-02,nasa/ECOSTRESS-Data-Resources,20,6,4,3
2026-01-03,nasa/ECOSTRESS-Data-Resources,1,1,3,2
2026-01-04,nasa/ECOSTRESS-Data-Resources,12,7,1,1
2026-01-05,nasa/ECOSTRESS-Data-Resources,19,9,7,4
2026-01-06,nasa/ECOSTRESS-Data-Resources,32,13,3,3
2026-01-07,nasa/ECOSTRESS-Data-Resources,11,8,1,1
2026-01-01,nasa/EMIT-Data-Resources,32,13,3,2
2026-01-02,nasa/EMIT-Data-Resources,61,14,4,3
2026-01-03,nasa/EMIT-Data-Resources,17,8,3,2
2026-01-04,nasa/EMIT-Data-Resources,24,8,3,2
2026-01-05,nasa/EMIT-Data-Resources,40,21,6,5
2026-01-06,nasa/EMIT-Data-Resources,25,16,2,2
2026-01-07,nasa/EMIT-Data-Resources,37,19,0,0
2026-01-01,nasa/GEDI-Data-Resources,19,6,2,2
2026-01-02,nasa/GEDI-Data-Resources,16,10,5,3
2026-01-03,nasa/GEDI-Data-Resources,10,6,3,2
2026-01-04,nasa/GEDI-Data-Resources,10,5,1,1
2026-01-05,nasa/GEDI-Data-Resources,65,17,7,6
2026-01-06,nasa/GEDI-Data-Resources,22,9,3,3
2026-01-07,nasa/GEDI-Data-Resources,44,13,3,1
2026-01-01,nasa/HLS-Data-Resources,4,3,1,1
2026-01-02,nasa/HLS-Data-Resources,17,7,4,3
2026-01-03,nasa/HLS-Data-Resources,7,5,2,1
2026-01-04,nasa/HLS-Data-Resources,32,9,5,4
2026-01-05,nasa/HLS-Data-Resources,52,14,4,3
2026-01-06,nasa/HLS-Data-Resources,50,14,4,4
2026-01-07,nasa/HLS-Data-Resources,47,13,0,0
2026-01-01,nasa/LPDAAC-Data-Resources,2,2,3,2
2026-01-02,nasa/LPDAAC-Data-Resources,16,9,13,7
2026-01-03,nasa/LPDAAC-Data-Resources,5,4,3,2
2026-01-04,nasa/LPDAAC-Data-Resources,20,10,1,1
2026-01-05,nasa/LPDAAC-Data-Resources,24,16,10,4
2026-01-06,nasa/LPDAAC-Data-Resources,45,25,4,4
2026-01-07,nasa/LPDAAC-Data-Resources,39,14,6,3
2026-01-01,nasa/VITALS,1,1,2,2
2026-01-02,nasa/VITALS,8,5,4,3
2026-01-03,nasa/VITALS,1,1,2,1
2026-01-04,nasa/VITALS,7,4,2,2
2026-01-05,nasa/VITALS,14,5,7,4
2026-01-06,nasa/VITALS,10,3,8,7
2026-01-07,nasa/VITALS,7,3,0,0
2026-01-08,nasa/AppEEARS-Data-Resources,15,10,2,2
2026-01-09,nasa/AppEEARS-Data-Resources,9,4,0,0
2026-01-10,nasa/AppEEARS-Data-Resources,11,4,2,2
2026-01-11,nasa/AppEEARS-Data-Resources,9,7,2,2
2026-01-12,nasa/AppEEARS-Data-Resources,41,6,2,2
2026-01-13,nasa/AppEEARS-Data-Resources,23,10,0,0
2026-01-14,nasa/AppEEARS-Data-Resources,17,9,2,1
2026-01-08,nasa/ECOSTRESS-Data-Resources,16,8,1,1
2026-01-09,nasa/ECOSTRESS-Data-Resources,10,6,0,0
2026-01-10,nasa/ECOSTRESS-Data-Resources,9,4,4,3
2026-01-11,nasa/ECOSTRESS-Data-Resources,6,6,2,2
2026-01-12,nasa/ECOSTRESS-Data-Resources,34,14,2,1
2026-01-13,nasa/ECOSTRESS-Data-Resources,8,5,1,1
2026-01-14,nasa/ECOSTRESS-Data-Resources,9,7,2,1
2026-01-08,nasa/EMIT-Data-Resources,22,13,3,3
2026-01-09,nasa/EMIT-Data-Resources,27,13,4,1
2026-01-10,nasa/EMIT-Data-Resources,16,7,3,3
2026-01-11,nasa/EMIT-Data-Resources,16,8,5,2
2026-01-12,nasa/EMIT-Data-Resources,52,16,2,2
2026-01-13,nasa/EMIT-Data-Resources,58,15,3,2
2026-01-14,nasa/EMIT-Data-Resources,35,15,6,2
2026-01-08,nasa/GEDI-Data-Resources,22,9,1,1
2026-01-09,nasa/GEDI-Data-Resources,20,11,0,0
2026-01-10,nasa/GEDI-Data-Resources,11,4,2,2
2026-01-11,nasa/GEDI-Data-Resources,17,12,1,1
2026-01-12,nasa/GEDI-Data-Resources,19,7,3,2
2026-01-13,nasa/GEDI-Data-Resources,30,15,2,2
2026-01-14,nasa/GEDI-Data-Resources,24,7,2,1
2026-01-08,nasa/HLS-Data-Resources,20,12,2,2
2026-01-09,nasa/HLS-Data-Resources,23,13,0,0
2026-01-10,nasa/HLS-Data-Resources,8,7,2,2
2026-01-11,nasa/HLS-Data-Resources,17,2,1,1
2026-01-12,nasa/HLS-Data-Resources,32,12,3,2
2026-01-13,nasa/HLS-Data-Resources,41,15,0,0
2026-01-14,nasa/HLS-Data-Resources,19,11,2,1
2026-01-08,nasa/LPDAAC-Data-Resources,6,4,3,3
2026-01-09,nasa/LPDAAC-Data-Resources,13,9,8,6
2026-01-10,nasa/LPDAAC-Data-Resources,13,8,2,2
2026-01-11,nasa/LPDAAC-Data-Resources,2,2,1,1
2026-01-12,nasa/LPDAAC-Data-Resources,64,15,3,3
2026-01-13,nasa/LPDAAC-Data-Resources,15,11,1,1
2026-01-14,nasa/LPDAAC-Data-Resources,27,17,5,4
2026-01-08,nasa/VITALS,7,4,4,4
2026-01-09,nasa/VITALS,7,2,0,0
2026-01-10,nasa/VITALS,1,1,3,3
2026-01-11,nasa/VITALS,0,0,2,2
2026-01-12,nasa/VITALS,8,1,3,2
2026-01-13,nasa/VITALS,2,2,0,0
2026-01-14,nasa/VITALS,19,19,2,1
2026-01-15,nasa/AppEEARS-Data-Resources,9,8,0,0
2026-01-16,nasa/AppEEARS-Data-Resources,6,5,5,3
2026-01-17,nasa/AppEEARS-Data-Resources,11,7,2,2
2026-01-18,nasa/AppEEARS-Data-Resources,6,3,4,4
2026-01-19,nasa/AppEEARS-Data-Resources,4,2,1,1
2026-01-20,nasa/AppEEARS-Data-Resources,43,14,5,5
2026-01-21,nasa/AppEEARS-Data-Resources,10,6,2,2
2026-01-15,nasa/ECOSTRESS-Data-Resources,13,2,0,0
2026-01-16,nasa/ECOSTRESS-Data-Resources,6,5,6,5
2026-01-17,nasa/ECOSTRESS-Data-Resources,4,4,3,3
2026-01-18,nasa/ECOSTRESS-Data-Resources,4,3,2,2
2026-01-19,nasa/ECOSTRESS-Data-Resources,22,6,1,1
2026-01-20,nasa/ECOSTRESS-Data-Resources,19,8,3,3
2026-01-21,nasa/ECOSTRESS-Data-Resources,16,6,2,2
2026-01-22,nasa/ECOSTRESS-Data-Resources,6,5,2,2
2026-01-15,nasa/EMIT-Data-Resources,38,22,4,3
2026-01-16,nasa/EMIT-Data-Resources,80,25,9,4
2026-01-17,nasa/EMIT-Data-Resources,50,10,6,5
2026-01-18,nasa/EMIT-Data-Resources,14,9,2,2
2026-01-19,nasa/EMIT-Data-Resources,97,16,2,2
2026-01-20,nasa/EMIT-Data-Resources,137,21,8,6
2026-01-21,nasa/EMIT-Data-Resources,93,30,3,3
2026-01-15,nasa/GEDI-Data-Resources,16,13,2,1
2026-01-16,nasa/GEDI-Data-Resources,60,17,6,5
2026-01-17,nasa/GEDI-Data-Resources,27,5,1,1
2026-01-18,nasa/GEDI-Data-Resources,10,8,3,3
2026-01-19,nasa/GEDI-Data-Resources,48,14,5,4
2026-01-20,nasa/GEDI-Data-Resources,51,12,3,3
2026-01-21,nasa/GEDI-Data-Resources,40,13,3,3
2026-01-15,nasa/HLS-Data-Resources,25,8,0,0
2026-01-16,nasa/HLS-Data-Resources,49,13,5,4
2026-01-17,nasa/HLS-Data-Resources,4,3,2,2
2026-01-18,nasa/HLS-Data-Resources,2,2,3,3
2026-01-19,nasa/HLS-Data-Resources,15,8,1,1
2026-01-20,nasa/HLS-Data-Resources,43,15,4,4
2026-01-21,nasa/HLS-Data-Resources,93,21,2,2
2026-01-15,nasa/LPDAAC-Data-Resources,33,17,0,0
2026-01-16,nasa/LPDAAC-Data-Resources,29,17,10,6
2026-01-17,nasa/LPDAAC-Data-Resources,28,14,4,3
2026-01-18,nasa/LPDAAC-Data-Resources,13,7,4,4
2026-01-19,nasa/LPDAAC-Data-Resources,16,5,2,2
2026-01-20,nasa/LPDAAC-Data-Resources,28,12,5,5
2026-01-21,nasa/LPDAAC-Data-Resources,14,14,8,5
2026-01-15,nasa/VITALS,28,8,2,2
2026-01-16,nasa/VITALS,17,7,4,3
2026-01-17,nasa/VITALS,1,1,1,1
2026-01-18,nasa/VITALS,3,2,2,2
2026-01-19,nasa/VITALS,1,1,1,1
2026-01-20,nasa/VITALS,7,4,3,3
2026-01-21,nasa/VITALS,26,5,3,3
2026-01-22,nasa/AppEEARS-Data-Resources,13,10,4,4
2026-01-23,nasa/AppEEARS-Data-Resources,12,8,5,4
2026-01-24,nasa/AppEEARS-Data-Resources,10,2,3,3
2026-01-25,nasa/AppEEARS-Data-Resources,30,12,1,1
2026-01-26,nasa/AppEEARS-Data-Resources,16,9,3,3
2026-01-27,nasa/AppEEARS-Data-Resources,27,13,1,1
2026-01-28,nasa/AppEEARS-Data-Resources,7,7,2,2
2026-01-23,nasa/ECOSTRESS-Data-Resources,18,6,5,4
2026-01-24,nasa/ECOSTRESS-Data-Resources,7,4,0,0
2026-01-25,nasa/ECOSTRESS-Data-Resources,10,5,2,2
2026-01-26,nasa/ECOSTRESS-Data-Resources,13,7,2,2
2026-01-27,nasa/ECOSTRESS-Data-Resources,8,5,2,2
2026-01-28,nasa/ECOSTRESS-Data-Resources,17,7,3,2
2026-01-22,nasa/EMIT-Data-Resources,114,29,13,4
2026-01-23,nasa/EMIT-Data-Resources,28,13,4,3
2026-01-24,nasa/EMIT-Data-Resources,15,7,5,2
2026-01-25,nasa/EMIT-Data-Resources,48,18,1,1
2026-01-26,nasa/EMIT-Data-Resources,60,18,3,3
2026-01-27,nasa/EMIT-Data-Resources,127,21,4,3
2026-01-28,nasa/EMIT-Data-Resources,90,19,4,4
2026-01-22,nasa/GEDI-Data-Resources,40,16,2,2
2026-01-23,nasa/GEDI-Data-Resources,52,11,3,2
2026-01-24,nasa/GEDI-Data-Resources,17,7,1,1
2026-01-25,nasa/GEDI-Data-Resources,4,2,3,3
2026-01-26,nasa/GEDI-Data-Resources,27,10,2,2
2026-01-27,nasa/GEDI-Data-Resources,55,14,3,3
2026-01-28,nasa/GEDI-Data-Resources,23,11,0,0
2026-01-22,nasa/HLS-Data-Resources,33,11,4,4
2026-01-23,nasa/HLS-Data-Resources,50,12,3,2
2026-01-24,nasa/HLS-Data-Resources,21,9,2,2
2026-01-25,nasa/HLS-Data-Resources,19,6,1,1
2026-01-26,nasa/HLS-Data-Resources,43,17,2,2
2026-01-27,nasa/HLS-Data-Resources,38,17,3,3
2026-01-28,nasa/HLS-Data-Resources,24,10,3,3
2026-01-22,nasa/LPDAAC-Data-Resources,44,16,4,4
2026-01-23,nasa/LPDAAC-Data-Resources,17,14,10,7
2026-01-24,nasa/LPDAAC-Data-Resources,28,18,5,2
2026-01-25,nasa/LPDAAC-Data-Resources,3,3,3,3
2026-01-26,nasa/LPDAAC-Data-Resources,12,9,2,2
2026-01-27,nasa/LPDAAC-Data-Resources,21,14,4,3
2026-01-28,nasa/LPDAAC-Data-Resources,23,12,0,0
2026-01-22,nasa/VITALS,8,6,3,3
2026-01-23,nasa/VITALS,16,6,3,2
2026-01-24,nasa/VITALS,1,1,0,0
2026-01-25,nasa/VITALS,3,3,2,2
2026-01-26,nasa/VITALS,5,3,2,2
2026-01-27,nasa/VITALS,4,4,4,4
2026-01-28,nasa/VITALS,10,8,2,2
2026-01-29,nasa/AppEEARS-Data-Resources,14,4,2,2
2026-01-30,nasa/AppEEARS-Data-Resources,7,3,2,2
2026-01-31,nasa/AppEEARS-Data-Resources,12,8,0,0
2026-02-01,nasa/AppEEARS-Data-Resources,11,4,4,4
2026-02-02,nasa/AppEEARS-Data-Resources,12,6,3,3
2026-02-03,nasa/AppEEARS-Data-Resources,63,7,0,0
2026-02-04,nasa/AppEEARS-Data-Resources,17,7,2,2
2026-01-29,nasa/ECOSTRESS-Data-Resources,7,5,4,4
2026-01-30,nasa/ECOSTRESS-Data-Resources,2,2,1,1
2026-01-31,nasa/ECOSTRESS-Data-Resources,2,2,1,1
2026-02-01,nasa/ECOSTRESS-Data-Resources,20,6,2,2
2026-02-02,nasa/ECOSTRESS-Data-Resources,20,10,2,2
2026-02-03,nasa/ECOSTRESS-Data-Resources,10,7,0,0
2026-02-04,nasa/ECOSTRESS-Data-Resources,41,17,2,2
2026-02-05,nasa/ECOSTRESS-Data-Resources,12,6,3,3
2026-01-29,nasa/EMIT-Data-Resources,83,21,6,6
2026-01-30,nasa/EMIT-Data-Resources,81,16,3,2
2026-01-31,nasa/EMIT-Data-Resources,45,16,1,1
2026-02-01,nasa/EMIT-Data-Resources,27,11,6,3
2026-02-02,nasa/EMIT-Data-Resources,35,11,7,4
2026-02-03,nasa/EMIT-Data-Resources,57,20,1,1
2026-02-04,nasa/EMIT-Data-Resources,54,22,6,3
2026-01-29,nasa/GEDI-Data-Resources,36,11,3,3
2026-01-30,nasa/GEDI-Data-Resources,22,8,2,2
2026-01-31,nasa/GEDI-Data-Resources,8,6,0,0
2026-02-01,nasa/GEDI-Data-Resources,8,4,1,1
2026-02-02,nasa/GEDI-Data-Resources,24,13,2,2
2026-02-03,nasa/GEDI-Data-Resources,50,14,0,0
2026-02-04,nasa/GEDI-Data-Resources,22,4,1,1
2026-01-29,nasa/HLS-Data-Resources,57,19,3,3
2026-01-30,nasa/HLS-Data-Resources,19,7,2,2
2026-01-31,nasa/HLS-Data-Resources,19,8,0,0
2026-02-01,nasa/HLS-Data-Resources,7,7,2,2
2026-02-02,nasa/HLS-Data-Resources,30,10,2,2
2026-02-03,nasa/HLS-Data-Resources,33,9,2,1
2026-02-04,nasa/HLS-Data-Resources,50,20,2,2
2026-01-29,nasa/LPDAAC-Data-Resources,9,6,4,4
2026-01-30,nasa/LPDAAC-Data-Resources,27,12,17,8
2026-01-31,nasa/LPDAAC-Data-Resources,6,5,3,3
2026-02-01,nasa/LPDAAC-Data-Resources,7,3,1,1
2026-02-02,nasa/LPDAAC-Data-Resources,51,16,3,2
2026-02-03,nasa/LPDAAC-Data-Resources,34,22,4,1
2026-02-04,nasa/LPDAAC-Data-Resources,14,9,3,2
2026-01-29,nasa/VITALS,2,2,2,2
2026-01-30,nasa/VITALS,10,4,2,2
2026-01-31,nasa/VITALS,0,0,0,0
2026-02-01,nasa/VITALS,0,0,1,1
2026-02-02,nasa/VITALS,13,5,1,1
2026-02-03,nasa/VITALS,6,3,0,0
2026-02-04,nasa/VITALS,7,5,2,2
2026-02-05,nasa/AppEEARS-Data-Resources,8,5,2,2
2026-02-06,nasa/AppEEARS-Data-Resources,11,7,3,2
2026-02-07,nasa/AppEEARS-Data-Resources,4,3,3,3
2026-02-08,nasa/AppEEARS-Data-Resources,9,6,7,5
2026-02-09,nasa/AppEEARS-Data-Resources,29,12,2,2
2026-02-10,nasa/AppEEARS-Data-Resources,18,8,0,0
2026-02-11,nasa/AppEEARS-Data-Resources,13,6,4,4
2026-02-12,nasa/AppEEARS-Data-Resources,25,10,2,2
2026-02-06,nasa/ECOSTRESS-Data-Resources,1,1,3,2
2026-02-07,nasa/ECOSTRESS-Data-Resources,31,3,2,2
2026-02-08,nasa/ECOSTRESS-Data-Resources,16,4,5,4
2026-02-09,nasa/ECOSTRESS-Data-Resources,72,3,2,2
2026-02-10,nasa/ECOSTRESS-Data-Resources,5,5,1,1
2026-02-11,nasa/ECOSTRESS-Data-Resources,8,6,3,3
2026-02-12,nasa/ECOSTRESS-Data-Resources,7,5,3,3
2026-02-05,nasa/EMIT-Data-Resources,40,14,7,4
2026-02-06,nasa/EMIT-Data-Resources,46,14,4,3
2026-02-07,nasa/EMIT-Data-Resources,23,10,3,2
2026-02-08,nasa/EMIT-Data-Resources,31,12,3,3
2026-02-09,nasa/EMIT-Data-Resources,47,18,6,3
2026-02-10,nasa/EMIT-Data-Resources,103,20,1,1
2026-02-11,nasa/EMIT-Data-Resources,59,19,8,5
2026-02-12,nasa/EMIT-Data-Resources,69,24,4,3
2026-02-05,nasa/GEDI-Data-Resources,27,7,2,2
2026-02-06,nasa/GEDI-Data-Resources,13,11,3,2
2026-02-07,nasa/GEDI-Data-Resources,32,5,1,1
2026-02-08,nasa/GEDI-Data-Resources,13,7,5,4
2026-02-09,nasa/GEDI-Data-Resources,16,14,2,2
2026-02-10,nasa/GEDI-Data-Resources,51,17,0,0
2026-02-11,nasa/GEDI-Data-Resources,32,15,3,3
2026-02-12,nasa/GEDI-Data-Resources,37,13,2,2
2026-02-05,nasa/HLS-Data-Resources,43,17,2,2
2026-02-06,nasa/HLS-Data-Resources,24,16,4,3
2026-02-07,nasa/HLS-Data-Resources,6,4,1,1
2026-02-08,nasa/HLS-Data-Resources,8,5,5,4
2026-02-09,nasa/HLS-Data-Resources,22,14,2,2
2026-02-10,nasa/HLS-Data-Resources,38,14,1,1
2026-02-11,nasa/HLS-Data-Resources,54,12,3,3
2026-02-05,nasa/LPDAAC-Data-Resources,17,13,2,2
2026-02-06,nasa/LPDAAC-Data-Resources,8,5,19,8
2026-02-07,nasa/LPDAAC-Data-Resources,6,3,2,2
2026-02-08,nasa/LPDAAC-Data-Resources,4,4,3,3
2026-02-09,nasa/LPDAAC-Data-Resources,22,10,3,3
2026-02-10,nasa/LPDAAC-Data-Resources,43,16,4,1
2026-02-11,nasa/LPDAAC-Data-Resources,31,16,7,4
2026-02-12,nasa/LPDAAC-Data-Resources,14,8,6,3
2026-02-05,nasa/VITALS,67,3,2,2
2026-02-06,nasa/VITALS,2,2,4,3
2026-02-07,nasa/VITALS,1,1,24,8
2026-02-08,nasa/VITALS,0,0,4,4
2026-02-09,nasa/VITALS,1,1,2,2
2026-02-10,nasa/VITALS,10,3,9,4
2026-02-11,nasa/VITALS,13,4,10,7
2026-02-12,nasa/VITALS,1,1,2,2
2026-02-13,nasa/AppEEARS-Data-Resources,13,7,1,1
2026-02-14,nasa/AppEEARS-Data-Resources,4,4,0,0
2026-02-15,nasa/AppEEARS-Data-Resources,9,8,1,1
2026-02-16,nasa/AppEEARS-Data-Resources,17,8,2,2
2026-02-17,nasa/AppEEARS-Data-Resources,7,7,1,1
2026-02-18,nasa/AppEEARS-Data-Resources,20,9,3,2
2026-02-19,nasa/AppEEARS-Data-Resources,5,2,2,2
2026-02-13,nasa/ECOSTRESS-Data-Resources,2,2,1,1
2026-02-14,nasa/ECOSTRESS-Data-Resources,22,3,0,0
2026-02-15,nasa/ECOSTRESS-Data-Resources,2,2,1,1
2026-02-16,nasa/ECOSTRESS-Data-Resources,12,4,3,3
2026-02-17,nasa/ECOSTRESS-Data-Resources,5,4,1,1
2026-02-18,nasa/ECOSTRESS-Data-Resources,39,10,3,2
2026-02-19,nasa/ECOSTRESS-Data-Resources,6,5,1,1
2026-02-13,nasa/EMIT-Data-Resources,32,13,2,2
2026-02-14,nasa/EMIT-Data-Resources,32,13,1,1
2026-02-15,nasa/EMIT-Data-Resources,10,7,5,4
2026-02-16,nasa/EMIT-Data-Resources,41,14,4,4
2026-02-17,nasa/EMIT-Data-Resources,56,19,1,1
2026-02-18,nasa/EMIT-Data-Resources,81,31,6,4
2026-02-13,nasa/GEDI-Data-Resources,11,6,1,1
2026-02-14,nasa/GEDI-Data-Resources,35,12,0,0
2026-02-15,nasa/GEDI-Data-Resources,17,5,2,2
2026-02-16,nasa/GEDI-Data-Resources,6,4,2,2
2026-02-17,nasa/GEDI-Data-Resources,9,5,1,1
2026-02-18,nasa/GEDI-Data-Resources,15,7,3,2
2026-02-19,nasa/GEDI-Data-Resources,10,6,2,2
2026-02-12,nasa/HLS-Data-Resources,23,11,3,3
2026-02-13,nasa/HLS-Data-Resources,25,14,1,1
2026-02-14,nasa/HLS-Data-Resources,21,7,0,0
2026-02-15,nasa/HLS-Data-Resources,11,4,1,1
2026-02-16,nasa/HLS-Data-Resources,17,8,5,5
2026-02-17,nasa/HLS-Data-Resources,32,12,1,1
2026-02-18,nasa/HLS-Data-Resources,26,18,4,3
2026-02-13,nasa/LPDAAC-Data-Resources,27,9,20,6
2026-02-14,nasa/LPDAAC-Data-Resources,4,4,2,1
2026-02-15,nasa/LPDAAC-Data-Resources,2,2,1,1
2026-02-16,nasa/LPDAAC-Data-Resources,15,10,3,3
2026-02-17,nasa/LPDAAC-Data-Resources,14,11,1,1
2026-02-18,nasa/LPDAAC-Data-Resources,23,11,5,2
2026-02-19,nasa/LPDAAC-Data-Resources,31,12,2,2
2026-02-13,nasa/VITALS,8,3,9,5
2026-02-14,nasa/VITALS,1,1,4,3
2026-02-15,nasa/VITALS,1,1,1,1
2026-02-16,nasa/VITALS,0,0,3,3
2026-02-17,nasa/VITALS,0,0,1,1
2026-02-18,nasa/VITALS,23,5,2,1
2026-02-20,nasa/AppEEARS-Data-Resources,18,6,1,1
2026-02-21,nasa/AppEEARS-Data-Resources,12,8,2,2
2026-02-22,nasa/AppEEARS-Data-Resources,7,6,3,3
2026-02-23,nasa/AppEEARS-Data-Resources,4,2,2,2
2026-02-24,nasa/AppEEARS-Data-Resources,13,6,3,3
2026-02-25,nasa/AppEEARS-Data-Resources,12,9,1,1
2026-02-26,nasa/AppEEARS-Data-Resources,16,8,7,6
2026-02-20,nasa/ECOSTRESS-Data-Resources,16,6,0,0
2026-02-21,nasa/ECOSTRESS-Data-Resources,1,1,1,1
2026-02-22,nasa/ECOSTRESS-Data-Resources,15,6,4,4
2026-02-23,nasa/ECOSTRESS-Data-Resources,11,5,2,2
2026-02-24,nasa/ECOSTRESS-Data-Resources,18,9,2,2
2026-02-25,nasa/ECOSTRESS-Data-Resources,25,9,1,1
2026-02-26,nasa/ECOSTRESS-Data-Resources,17,7,4,4
2026-02-19,nasa/EMIT-Data-Resources,101,27,4,4
2026-02-20,nasa/EMIT-Data-Resources,126,29,0,0
2026-02-21,nasa/EMIT-Data-Resources,7,4,32,3
2026-02-22,nasa/EMIT-Data-Resources,22,10,3,3
2026-02-23,nasa/EMIT-Data-Resources,58,27,2,2
2026-02-24,nasa/EMIT-Data-Resources,37,18,4,3
2026-02-25,nasa/EMIT-Data-Resources,109,32,4,3
2026-02-20,nasa/GEDI-Data-Resources,14,6,0,0
2026-02-21,nasa/GEDI-Data-Resources,6,3,1,1
2026-02-22,nasa/GEDI-Data-Resources,4,4,3,3
2026-02-23,nasa/GEDI-Data-Resources,8,8,2,2
2026-02-24,nasa/GEDI-Data-Resources,14,5,3,3
2026-02-25,nasa/GEDI-Data-Resources,18,8,2,2
2026-02-19,nasa/HLS-Data-Resources,58,22,3,3
2026-02-20,nasa/HLS-Data-Resources,20,11,0,0
2026-02-21,nasa/HLS-Data-Resources,19,6,3,3
2026-02-22,nasa/HLS-Data-Resources,18,10,3,3
2026-02-23,nasa/HLS-Data-Resources,42,15,18,3
2026-02-24,nasa/HLS-Data-Resources,40,9,2,2
2026-02-25,nasa/HLS-Data-Resources,32,16,1,1
2026-02-20,nasa/LPDAAC-Data-Resources,14,6,17,7
2026-02-21,nasa/LPDAAC-Data-Resources,11,10,5,5
2026-02-22,nasa/LPDAAC-Data-Resources,4,4,11,5
2026-02-23,nasa/LPDAAC-Data-Resources,45,15,4,4
2026-02-24,nasa/LPDAAC-Data-Resources,24,13,6,5
2026-02-25,nasa/LPDAAC-Data-Resources,12,6,4,3
2026-02-19,nasa/VITALS,4,2,3,2
2026-02-20,nasa/VITALS,5,3,1,1
2026-02-21,nasa/VITALS,1,1,20,4
2026-02-22,nasa/VITALS,1,1,4,4
2026-02-23,nasa/VITALS,5,4,2,2
2026-02-24,nasa/VITALS,11,5,4,4
2026-02-25,nasa/VITALS,21,3,2,2
2026-02-27,nasa/AppEEARS-Data-Resources,10,10,11,5
2026-02-28,nasa/AppEEARS-Data-Resources,5,4,1,1
2026-03-01,nasa/AppEEARS-Data-Resources,3,3,2,1
2026-03-02,nasa/AppEEARS-Data-Resources,19,8,2,2
2026-03-03,nasa/AppEEARS-Data-Resources,9,8,18,3
2026-03-04,nasa/AppEEARS-Data-Resources,3,3,4,4
2026-02-27,nasa/ECOSTRESS-Data-Resources,38,9,2,2
2026-02-28,nasa/ECOSTRESS-Data-Resources,7,6,2,2
2026-03-01,nasa/ECOSTRESS-Data-Resources,3,3,2,1
2026-03-02,nasa/ECOSTRESS-Data-Resources,19,8,2,2
2026-03-03,nasa/ECOSTRESS-Data-Resources,15,6,4,3
2026-03-04,nasa/ECOSTRESS-Data-Resources,7,7,5,5
2026-02-26,nasa/EMIT-Data-Resources,58,17,4,4
2026-02-27,nasa/EMIT-Data-Resources,49,22,7,4
2026-02-28,nasa/EMIT-Data-Resources,7,6,11,6
2026-03-01,nasa/EMIT-Data-Resources,26,10,4,3
2026-03-02,nasa/EMIT-Data-Resources,64,17,3,2
2026-03-03,nasa/EMIT-Data-Resources,44,11,5,4
2026-03-04,nasa/EMIT-Data-Resources,115,29,4,4
2026-02-26,nasa/GEDI-Data-Resources,9,8,3,3
2026-02-27,nasa/GEDI-Data-Resources,24,12,7,2
2026-02-28,nasa/GEDI-Data-Resources,7,7,1,1
2026-03-01,nasa/GEDI-Data-Resources,16,5,4,3
2026-03-02,nasa/GEDI-Data-Resources,12,12,2,2
2026-03-03,nasa/GEDI-Data-Resources,22,12,5,4
2026-03-04,nasa/GEDI-Data-Resources,22,16,2,2
2026-02-26,nasa/HLS-Data-Resources,33,12,5,5
2026-02-27,nasa/HLS-Data-Resources,20,8,2,2
2026-02-28,nasa/HLS-Data-Resources,6,4,3,3
2026-03-01,nasa/HLS-Data-Resources,9,5,3,2
2026-03-02,nasa/HLS-Data-Resources,22,11,2,2
2026-03-03,nasa/HLS-Data-Resources,43,16,6,5
2026-03-04,nasa/HLS-Data-Resources,12,10,2,2
2026-02-26,nasa/LPDAAC-Data-Resources,13,10,8,3
2026-02-27,nasa/LPDAAC-Data-Resources,17,9,14,5
2026-02-28,nasa/LPDAAC-Data-Resources,5,5,2,2
2026-03-01,nasa/LPDAAC-Data-Resources,5,4,5,4
2026-03-02,nasa/LPDAAC-Data-Resources,20,10,8,3
2026-03-03,nasa/LPDAAC-Data-Resources,13,13,8,5
2026-03-04,nasa/LPDAAC-Data-Resources,23,9,4,4
2026-03-05,nasa/LPDAAC-Data-Resources,31,17,7,3
2026-02-26,nasa/VITALS,35,2,4,4
2026-02-27,nasa/VITALS,11,5,1,1
2026-02-28,nasa/VITALS,1,1,1,1
2026-03-01,nasa/VITALS,0,0,2,1
2026-03-02,nasa/VITALS,26,5,23,7
2026-03-03,nasa/VITALS,12,4,3,3
2026-03-04,nasa/VITALS,8,5,4,4
2026-03-05,nasa/AppEEARS-Data-Resources,15,11,2,2
2026-03-06,nasa/AppEEARS-Data-Resources,29,6,4,3
2026-03-07,nasa/AppEEARS-Data-Resources,0,0,0,0
2026-03-08,nasa/AppEEARS-Data-Resources,7,5,3,2
2026-03-09,nasa/AppEEARS-Data-Resources,10,6,0,0
2026-03-10,nasa/AppEEARS-Data-Resources,20,14,2,1
2026-03-11,nasa/AppEEARS-Data-Resources,33,9,2,2
2026-03-05,nasa/ECOSTRESS-Data-Resources,3,3,0,0
2026-03-06,nasa/ECOSTRESS-Data-Resources,9,8,3,3
2026-03-07,nasa/ECOSTRESS-Data-Resources,1,1,0,0
2026-03-08,nasa/ECOSTRESS-Data-Resources,5,5,16,3
2026-03-09,nasa/ECOSTRESS-Data-Resources,4,4,0,0
2026-03-10,nasa/ECOSTRESS-Data-Resources,20,7,1,1
2026-03-11,nasa/ECOSTRESS-Data-Resources,16,6,1,1
2026-03-05,nasa/EMIT-Data-Resources,27,14,2,2
2026-03-06,nasa/EMIT-Data-Resources,44,17,4,3
2026-03-07,nasa/EMIT-Data-Resources,14,7,1,1
2026-03-08,nasa/EMIT-Data-Resources,20,6,4,3
2026-03-09,nasa/EMIT-Data-Resources,11,7,2,2
2026-03-10,nasa/EMIT-Data-Resources,26,13,2,1
2026-03-11,nasa/EMIT-Data-Resources,88,14,2,2
2026-03-05,nasa/GEDI-Data-Resources,19,16,4,2
2026-03-06,nasa/GEDI-Data-Resources,10,5,2,2
2026-03-07,nasa/GEDI-Data-Resources,1,1,0,0
2026-03-08,nasa/GEDI-Data-Resources,22,6,4,3
2026-03-09,nasa/GEDI-Data-Resources,12,8,2,1
2026-03-10,nasa/GEDI-Data-Resources,17,4,1,1
2026-03-11,nasa/GEDI-Data-Resources,26,6,2,2
2026-03-05,nasa/HLS-Data-Resources,19,7,1,1
2026-03-06,nasa/HLS-Data-Resources,27,9,2,2
2026-03-07,nasa/HLS-Data-Resources,2,2,1,1
2026-03-08,nasa/HLS-Data-Resources,23,5,3,2
2026-03-09,nasa/HLS-Data-Resources,21,10,0,0
2026-03-10,nasa/HLS-Data-Resources,11,9,6,1
2026-03-11,nasa/HLS-Data-Resources,17,4,2,2
2026-03-06,nasa/LPDAAC-Data-Resources,45,13,17,7
2026-03-07,nasa/LPDAAC-Data-Resources,4,2,1,1
2026-03-08,nasa/LPDAAC-Data-Resources,10,7,3,2
2026-03-09,nasa/LPDAAC-Data-Resources,8,7,12,11
2026-03-10,nasa/LPDAAC-Data-Resources,8,6,7,2
2026-03-11,nasa/LPDAAC-Data-Resources,34,12,4,3
2026-03-05,nasa/VITALS,2,1,3,1
2026-03-06,nasa/VITALS,0,0,3,3
2026-03-07,nasa/VITALS,0,0,0,0
2026-03-08,nasa/VITALS,1,1,3,2
2026-03-09,nasa/VITALS,1,1,7,2
2026-03-10,nasa/VITALS,11,2,0,0
2026-03-11,nasa/VITALS,17,3,1,1
2026-03-12,nasa/AppEEARS-Data-Resources,22,14,2,1
2026-03-13,nasa/AppEEARS-Data-Resources,16,5,6,5
2026-03-14,nasa/AppEEARS-Data-Resources,7,4,2,2
2026-03-15,nasa/AppEEARS-Data-Resources,11,5,0,0
2026-03-16,nasa/AppEEARS-Data-Resources,11,7,4,4
2026-03-17,nasa/AppEEARS-Data-Resources,23,7,2,1
2026-03-18,nasa/AppEEARS-Data-Resources,6,6,2,1
2026-03-12,nasa/ECOSTRESS-Data-Resources,9,7,2,1
2026-03-13,nasa/ECOSTRESS-Data-Resources,11,7,6,5
2026-03-14,nasa/ECOSTRESS-Data-Resources,3,2,2,2
2026-03-15,nasa/ECOSTRESS-Data-Resources,13,3,1,1
2026-03-16,nasa/ECOSTRESS-Data-Resources,5,5,3,3
2026-03-17,nasa/ECOSTRESS-Data-Resources,10,9,3,2
2026-03-18,nasa/ECOSTRESS-Data-Resources,17,4,2,1
2026-03-12,nasa/EMIT-Data-Resources,96,16,6,4
2026-03-13,nasa/EMIT-Data-Resources,38,18,9,7
2026-03-14,nasa/EMIT-Data-Resources,13,8,0,0
2026-03-15,nasa/EMIT-Data-Resources,34,9,2,1
2026-03-16,nasa/EMIT-Data-Resources,151,13,4,4
2026-03-17,nasa/EMIT-Data-Resources,101,22,6,4
2026-03-18,nasa/EMIT-Data-Resources,95,22,3,2
2026-03-19,nasa/EMIT-Data-Resources,50,13,1,1
2026-03-12,nasa/GEDI-Data-Resources,31,9,4,3
2026-03-13,nasa/GEDI-Data-Resources,73,14,4,3
2026-03-14,nasa/GEDI-Data-Resources,9,5,2,2
2026-03-15,nasa/GEDI-Data-Resources,12,8,1,1
2026-03-16,nasa/GEDI-Data-Resources,29,12,4,4
2026-03-17,nasa/GEDI-Data-Resources,50,16,4,3
2026-03-18,nasa/GEDI-Data-Resources,60,17,2,1
2026-03-19,nasa/GEDI-Data-Resources,30,9,1,1
2026-03-12,nasa/HLS-Data-Resources,36,11,3,2
2026-03-13,nasa/HLS-Data-Resources,15,7,6,5
2026-03-14,nasa/HLS-Data-Resources,4,3,1,1
2026-03-15,nasa/HLS-Data-Resources,39,11,1,1
2026-03-16,nasa/HLS-Data-Resources,26,13,4,4
2026-03-17,nasa/HLS-Data-Resources,22,11,2,1
2026-03-18,nasa/HLS-Data-Resources,20,11,4,3
2026-03-12,nasa/LPDAAC-Data-Resources,32,14,6,3
2026-03-13,nasa/LPDAAC-Data-Resources,27,15,19,8
2026-03-14,nasa/LPDAAC-Data-Resources,4,4,3,2
2026-03-15,nasa/LPDAAC-Data-Resources,6,5,0,0
2026-03-16,nasa/LPDAAC-Data-Resources,17,10,5,5
2026-03-17,nasa/LPDAAC-Data-Resources,62,18,25,12
2026-03-18,nasa/LPDAAC-Data-Resources,10,7,2,1
2026-03-19,nasa/LPDAAC-Data-Resources,11,7,2,1
2026-03-12,nasa/VITALS,5,4,3,2
2026-03-13,nasa/VITALS,0,0,7,6
2026-03-14,nasa/VITALS,2,1,4,1
2026-03-15,nasa/VITALS,0,0,2,2
2026-03-16,nasa/VITALS,29,4,3,3
2026-03-17,nasa/VITALS,5,4,2,1
2026-03-18,nasa/VITALS,3,3,2,2
2026-03-19,nasa/AppEEARS-Data-Resources,21,9,0,0
2026-03-20,nasa/AppEEARS-Data-Resources,9,7,3,2
2026-03-21,nasa/AppEEARS-Data-Resources,25,5,3,3
2026-03-22,nasa/AppEEARS-Data-Resources,3,3,2,2
2026-03-23,nasa/AppEEARS-Data-Resources,15,10,3,3
2026-03-24,nasa/AppEEARS-Data-Resources,17,8,1,1
2026-03-25,nasa/AppEEARS-Data-Resources,2,2,3,2
2026-03-26,nasa/AppEEARS-Data-Resources,4,4,0,0
2026-03-19,nasa/ECOSTRESS-Data-Resources,11,5,0,0
2026-03-20,nasa/ECOSTRESS-Data-Resources,31,6,3,2
2026-03-21,nasa/ECOSTRESS-Data-Resources,6,6,2,2
2026-03-22,nasa/ECOSTRESS-Data-Resources,12,5,2,2
2026-03-23,nasa/ECOSTRESS-Data-Resources,29,10,2,2
2026-03-24,nasa/ECOSTRESS-Data-Resources,32,13,1,1
2026-03-25,nasa/ECOSTRESS-Data-Resources,4,3,4,3
2026-03-20,nasa/EMIT-Data-Resources,50,23,5,4
2026-03-21,nasa/EMIT-Data-Resources,6,5,2,2
2026-03-22,nasa/EMIT-Data-Resources,15,9,2,2
2026-03-23,nasa/EMIT-Data-Resources,35,22,2,2
2026-03-24,nasa/EMIT-Data-Resources,76,25,1,1
2026-03-25,nasa/EMIT-Data-Resources,60,28,4,3
2026-03-26,nasa/EMIT-Data-Resources,55,19,4,3
2026-03-20,nasa/GEDI-Data-Resources,14,9,3,2
2026-03-21,nasa/GEDI-Data-Resources,12,7,2,2
2026-03-22,nasa/GEDI-Data-Resources,6,4,3,3
2026-03-23,nasa/GEDI-Data-Resources,24,15,2,2
2026-03-24,nasa/GEDI-Data-Resources,19,16,1,1
2026-03-25,nasa/GEDI-Data-Resources,24,10,2,1
2026-03-19,nasa/HLS-Data-Resources,5,5,0,0
2026-03-20,nasa/HLS-Data-Resources,37,6,4,3
2026-03-21,nasa/HLS-Data-Resources,27,4,2,2
2026-03-22,nasa/HLS-Data-Resources,3,2,3,3
2026-03-23,nasa/HLS-Data-Resources,55,20,3,3
2026-03-24,nasa/HLS-Data-Resources,65,15,1,1
2026-03-25,nasa/HLS-Data-Resources,55,20,5,3
2026-03-20,nasa/LPDAAC-Data-Resources,21,10,20,8
2026-03-21,nasa/LPDAAC-Data-Resources,11,6,4,3
2026-03-22,nasa/LPDAAC-Data-Resources,4,3,3,3
2026-03-23,nasa/LPDAAC-Data-Resources,14,9,6,5
2026-03-24,nasa/LPDAAC-Data-Resources,20,15,2,2
2026-03-25,nasa/LPDAAC-Data-Resources,17,12,3,1
2026-03-19,nasa/VITALS,5,2,1,1
2026-03-20,nasa/VITALS,4,4,3,2
2026-03-21,nasa/VITALS,1,1,2,2
2026-03-22,nasa/VITALS,3,2,1,1
2026-03-23,nasa/VITALS,5,2,2,2
2026-03-24,nasa/VITALS,6,5,1,1
2026-03-25,nasa/VITALS,3,3,2,1
2026-03-27,nasa/AppEEARS-Data-Resources,14,7,2,2
2026-03-28,nasa/AppEEARS-Data-Resources,22,7,0,0
2026-03-29,nasa/AppEEARS-Data-Resources,4,4,0,0
2026-03-30,nasa/AppEEARS-Data-Resources,14,10,2,2
2026-03-31,nasa/AppEEARS-Data-Resources,17,12,5,5
2026-04-01,nasa/AppEEARS-Data-Resources,11,9,0,0
2026-03-26,nasa/ECOSTRESS-Data-Resources,8,5,0,0
2026-03-27,nasa/ECOSTRESS-Data-Resources,7,5,2,2
2026-03-28,nasa/ECOSTRESS-Data-Resources,7,6,1,1
2026-03-29,nasa/ECOSTRESS-Data-Resources,7,7,0,0
2026-03-30,nasa/ECOSTRESS-Data-Resources,9,6,1,1
2026-03-31,nasa/ECOSTRESS-Data-Resources,2,1,4,3
2026-04-01,nasa/ECOSTRESS-Data-Resources,28,8,2,2
2026-04-02,nasa/ECOSTRESS-Data-Resources,9,6,2,2
2026-03-27,nasa/EMIT-Data-Resources,44,18,3,3
2026-03-28,nasa/EMIT-Data-Resources,11,9,0,0
2026-03-29,nasa/EMIT-Data-Resources,52,20,1,1
2026-03-30,nasa/EMIT-Data-Resources,42,22,7,6
2026-03-31,nasa/EMIT-Data-Resources,28,17,4,4
2026-04-01,nasa/EMIT-Data-Resources,43,11,1,1
2026-03-26,nasa/GEDI-Data-Resources,24,6,1,1
2026-03-27,nasa/GEDI-Data-Resources,20,8,1,1
2026-03-28,nasa/GEDI-Data-Resources,7,6,2,1
2026-03-29,nasa/GEDI-Data-Resources,46,10,0,0
2026-03-30,nasa/GEDI-Data-Resources,8,6,1,1
2026-03-31,nasa/GEDI-Data-Resources,9,7,4,4
2026-04-01,nasa/GEDI-Data-Resources,24,8,1,1
2026-03-26,nasa/HLS-Data-Resources,28,14,1,1
2026-03-27,nasa/HLS-Data-Resources,23,13,4,4
2026-03-28,nasa/HLS-Data-Resources,4,2,3,3
2026-03-29,nasa/HLS-Data-Resources,16,4,0,0
2026-03-30,nasa/HLS-Data-Resources,14,7,2,2
2026-03-31,nasa/HLS-Data-Resources,44,16,3,3
2026-04-01,nasa/HLS-Data-Resources,19,12,3,3
2026-04-02,nasa/HLS-Data-Resources,22,11,2,2
2026-03-26,nasa/LPDAAC-Data-Resources,24,17,1,1
2026-03-27,nasa/LPDAAC-Data-Resources,29,14,13,10
2026-03-28,nasa/LPDAAC-Data-Resources,10,7,1,1
2026-03-29,nasa/LPDAAC-Data-Resources,18,9,2,1
2026-03-30,nasa/LPDAAC-Data-Resources,10,8,5,3
2026-03-31,nasa/LPDAAC-Data-Resources,8,5,7,5
2026-04-01,nasa/LPDAAC-Data-Resources,25,13,3,3
2026-04-02,nasa/LPDAAC-Data-Resources,47,18,7,7
2026-03-26,nasa/VITALS,0,0,0,0
2026-03-27,nasa/VITALS,3,3,3,3
2026-03-28,nasa/VITALS,1,1,1,1
2026-03-29,nasa/VITALS,0,0,0,0
2026-03-30,nasa/VITALS,7,4,2,2
2026-03-31,nasa/VITALS,2,2,6,5
2026-04-01,nasa/VITALS,1,1,2,2
2026-04-02,nasa/AppEEARS-Data-Resources,19,10,3,3
2026-04-03,nasa/AppEEARS-Data-Resources,6,5,2,2
2026-04-04,nasa/AppEEARS-Data-Resources,6,3,1,1
2026-04-05,nasa/AppEEARS-Data-Resources,7,7,1,1
2026-04-06,nasa/AppEEARS-Data-Resources,20,9,5,3
2026-04-07,nasa/AppEEARS-Data-Resources,16,12,1,1
2026-04-08,nasa/AppEEARS-Data-Resources,27,9,4,4
2026-04-03,nasa/ECOSTRESS-Data-Resources,7,5,2,2
2026-04-04,nasa/ECOSTRESS-Data-Resources,7,4,0,0
2026-04-05,nasa/ECOSTRESS-Data-Resources,7,4,2,2
2026-04-06,nasa/ECOSTRESS-Data-Resources,10,6,2,2
2026-04-07,nasa/ECOSTRESS-Data-Resources,50,11,1,1
2026-04-08,nasa/ECOSTRESS-Data-Resources,20,10,1,1
2026-04-09,nasa/ECOSTRESS-Data-Resources,7,7,1,1
2026-04-02,nasa/EMIT-Data-Resources,34,22,8,8
2026-04-03,nasa/EMIT-Data-Resources,94,20,3,2
2026-04-04,nasa/EMIT-Data-Resources,14,9,1,1
2026-04-05,nasa/EMIT-Data-Resources,21,9,3,3
2026-04-06,nasa/EMIT-Data-Resources,89,27,5,4
2026-04-07,nasa/EMIT-Data-Resources,13,10,2,2
2026-04-08,nasa/EMIT-Data-Resources,96,27,7,6
2026-04-02,nasa/GEDI-Data-Resources,34,17,3,3
2026-04-03,nasa/GEDI-Data-Resources,27,16,2,2
2026-04-04,nasa/GEDI-Data-Resources,8,6,1,1
2026-04-05,nasa/GEDI-Data-Resources,9,7,2,2
2026-04-06,nasa/GEDI-Data-Resources,8,7,2,2
2026-04-07,nasa/GEDI-Data-Resources,25,9,1,1
2026-04-08,nasa/GEDI-Data-Resources,39,14,2,2
2026-04-03,nasa/HLS-Data-Resources,50,18,4,4
2026-04-04,nasa/HLS-Data-Resources,9,6,3,3
2026-04-05,nasa/HLS-Data-Resources,25,5,3,3
2026-04-06,nasa/HLS-Data-Resources,31,11,1,1
2026-04-07,nasa/HLS-Data-Resources,67,18,3,3
2026-04-08,nasa/HLS-Data-Resources,93,10,2,2
2026-04-03,nasa/LPDAAC-Data-Resources,40,13,15,6
2026-04-04,nasa/LPDAAC-Data-Resources,45,10,1,1
2026-04-05,nasa/LPDAAC-Data-Resources,41,9,3,3
2026-04-06,nasa/LPDAAC-Data-Resources,41,11,5,5
2026-04-07,nasa/LPDAAC-Data-Resources,63,15,3,2
2026-04-08,nasa/LPDAAC-Data-Resources,77,16,3,3
2026-04-02,nasa/VITALS,7,3,3,3
2026-04-03,nasa/VITALS,32,7,7,5
2026-04-04,nasa/VITALS,0,0,0,0
2026-04-05,nasa/VITALS,0,0,2,2
2026-04-06,nasa/VITALS,11,5,2,2
2026-04-07,nasa/VITALS,11,6,0,0
2026-04-08,nasa/VITALS,33,8,2,2
2026-04-09,nasa/AppEEARS-Data-Resources,32,9,0,0
2026-04-10,nasa/AppEEARS-Data-Resources,20,12,2,2
2026-04-11,nasa/AppEEARS-Data-Resources,12,6,1,1
2026-04-12,nasa/AppEEARS-Data-Resources,1,1,0,0
2026-04-13,nasa/AppEEARS-Data-Resources,22,7,4,4
2026-04-14,nasa/AppEEARS-Data-Resources,7,4,0,0
2026-04-15,nasa/AppEEARS-Data-Resources,32,10,22,15
2026-04-16,nasa/AppEEARS-Data-Resources,12,9,3,3
2026-04-10,nasa/ECOSTRESS-Data-Resources,9,7,0,0
2026-04-11,nasa/ECOSTRESS-Data-Resources,1,1,2,2
2026-04-12,nasa/ECOSTRESS-Data-Resources,3,3,1,1
2026-04-13,nasa/ECOSTRESS-Data-Resources,3,3,4,4
2026-04-14,nasa/ECOSTRESS-Data-Resources,10,6,0,0
2026-04-15,nasa/ECOSTRESS-Data-Resources,11,2,2,2
2026-04-09,nasa/EMIT-Data-Resources,90,25,1,1
2026-04-10,nasa/EMIT-Data-Resources,77,30,3,3
2026-04-11,nasa/EMIT-Data-Resources,25,10,1,1
2026-04-12,nasa/EMIT-Data-Resources,29,15,0,0
2026-04-13,nasa/EMIT-Data-Resources,94,19,2,2
2026-04-14,nasa/EMIT-Data-Resources,37,20,0,0
2026-04-15,nasa/EMIT-Data-Resources,53,23,9,4
2026-04-09,nasa/GEDI-Data-Resources,28,9,2,2
2026-04-10,nasa/GEDI-Data-Resources,25,9,2,2
2026-04-11,nasa/GEDI-Data-Resources,8,5,2,2
2026-04-12,nasa/GEDI-Data-Resources,9,7,3,3
2026-04-13,nasa/GEDI-Data-Resources,5,4,2,2
2026-04-14,nasa/GEDI-Data-Resources,8,7,0,0
2026-04-15,nasa/GEDI-Data-Resources,33,17,1,1
2026-04-09,nasa/HLS-Data-Resources,43,16,0,0
2026-04-10,nasa/HLS-Data-Resources,29,11,2,2
2026-04-11,nasa/HLS-Data-Resources,4,4,3,3
2026-04-12,nasa/HLS-Data-Resources,14,3,2,2
2026-04-13,nasa/HLS-Data-Resources,32,11,2,2
2026-04-14,nasa/HLS-Data-Resources,33,8,0,0
2026-04-15,nasa/HLS-Data-Resources,59,17,2,2
2026-04-09,nasa/LPDAAC-Data-Resources,34,9,1,1
2026-04-10,nasa/LPDAAC-Data-Resources,23,11,6,6
2026-04-11,nasa/LPDAAC-Data-Resources,2,2,1,1
2026-04-12,nasa/LPDAAC-Data-Resources,0,0,0,0
2026-04-13,nasa/LPDAAC-Data-Resources,29,15,6,5
2026-04-14,nasa/LPDAAC-Data-Resources,35,12,0,0
2026-04-15,nasa/LPDAAC-Data-Resources,30,11,3,2
2026-04-16,nasa/LPDAAC-Data-Resources,42,15,2,2
2026-04-09,nasa/VITALS,3,3,1,1
2026-04-10,nasa/VITALS,28,4,3,3
2026-04-11,nasa/VITALS,2,2,1,1
2026-04-12,nasa/VITALS,7,3,3,3
2026-04-13,nasa/VITALS,5,2,2,2
2026-04-14,nasa/VITALS,6,5,0,0
2026-04-15,nasa/VITALS,0,0,1,1
2026-04-17,nasa/AppEEARS-Data-Resources,4,4,1,1
2026-04-18,nasa/AppEEARS-Data-Resources,6,2,4,4
2026-04-19,nasa/AppEEARS-Data-Resources,5,5,1,1
2026-04-20,nasa/AppEEARS-Data-Resources,18,10,3,3
2026-04-21,nasa/AppEEARS-Data-Resources,9,5,2,2
2026-04-22,nasa/AppEEARS-Data-Resources,5,5,7,3
2026-04-16,nasa/ECOSTRESS-Data-Resources,20,9,3,3
2026-04-17,nasa/ECOSTRESS-Data-Resources,10,4,0,0
2026-04-18,nasa/ECOSTRESS-Data-Resources,3,2,3,3
2026-04-19,nasa/ECOSTRESS-Data-Resources,3,2,1,1
2026-04-20,nasa/ECOSTRESS-Data-Resources,3,3,0,0
2026-04-21,nasa/ECOSTRESS-Data-Resources,10,5,2,2
2026-04-22,nasa/ECOSTRESS-Data-Resources,14,6,0,0
2026-04-23,nasa/ECOSTRESS-Data-Resources,9,7,3,3
2026-04-16,nasa/EMIT-Data-Resources,52,16,6,5
2026-04-17,nasa/EMIT-Data-Resources,39,17,3,3
2026-04-18,nasa/EMIT-Data-Resources,20,12,5,4
2026-04-19,nasa/EMIT-Data-Resources,42,13,3,3
2026-04-20,nasa/EMIT-Data-Resources,22,19,1,1
2026-04-21,nasa/EMIT-Data-Resources,63,22,4,3
2026-04-22,nasa/EMIT-Data-Resources,105,20,1,1
2026-04-16,nasa/GEDI-Data-Resources,17,6,2,2
2026-04-17,nasa/GEDI-Data-Resources,76,14,1,1
2026-04-18,nasa/GEDI-Data-Resources,20,4,2,2
2026-04-19,nasa/GEDI-Data-Resources,38,7,1,1
2026-04-20,nasa/GEDI-Data-Resources,40,11,0,0
2026-04-21,nasa/GEDI-Data-Resources,91,11,2,1
2026-04-22,nasa/GEDI-Data-Resources,27,12,0,0
2026-04-23,nasa/GEDI-Data-Resources,20,6,3,3
2026-04-16,nasa/HLS-Data-Resources,54,15,2,2
2026-04-17,nasa/HLS-Data-Resources,35,9,2,2
2026-04-18,nasa/HLS-Data-Resources,41,7,2,2
2026-04-19,nasa/HLS-Data-Resources,8,2,1,1
2026-04-20,nasa/HLS-Data-Resources,19,7,0,0
2026-04-21,nasa/HLS-Data-Resources,27,10,8,2
2026-04-22,nasa/HLS-Data-Resources,40,13,6,4
2026-04-23,nasa/HLS-Data-Resources,35,13,4,4
2026-04-17,nasa/LPDAAC-Data-Resources,43,15,17,7
2026-04-18,nasa/LPDAAC-Data-Resources,21,7,2,2
2026-04-19,nasa/LPDAAC-Data-Resources,8,5,4,3
2026-04-20,nasa/LPDAAC-Data-Resources,19,8,4,4
2026-04-21,nasa/LPDAAC-Data-Resources,14,8,4,3
2026-04-22,nasa/LPDAAC-Data-Resources,24,8,6,6
2026-04-23,nasa/LPDAAC-Data-Resources,36,14,6,5
2026-04-16,nasa/VITALS,4,3,3,3
2026-04-17,nasa/VITALS,2,1,1,1
2026-04-18,nasa/VITALS,1,1,2,2
2026-04-19,nasa/VITALS,5,3,1,1
2026-04-20,nasa/VITALS,11,2,13,6
2026-04-21,nasa/VITALS,0,0,8,7
2026-04-22,nasa/VITALS,3,2,2,2
2026-04-23,nasa/AppEEARS-Data-Resources,8,5,2,2
2026-04-24,nasa/AppEEARS-Data-Resources,1,1,3,3
2026-04-25,nasa/AppEEARS-Data-Resources,4,4,1,1
2026-04-26,nasa/AppEEARS-Data-Resources,12,5,9,4
2026-04-27,nasa/AppEEARS-Data-Resources,8,5,1,1
2026-04-28,nasa/AppEEARS-Data-Resources,9,7,4,3
2026-04-29,nasa/AppEEARS-Data-Resources,33,15,1,1
2026-04-30,nasa/AppEEARS-Data-Resources,11,5,4,3
2026-04-24,nasa/ECOSTRESS-Data-Resources,12,6,2,2
2026-04-25,nasa/ECOSTRESS-Data-Resources,5,2,0,0
2026-04-26,nasa/ECOSTRESS-Data-Resources,0,0,0,0
2026-04-27,nasa/ECOSTRESS-Data-Resources,15,10,1,1
2026-04-28,nasa/ECOSTRESS-Data-Resources,18,3,4,3
2026-04-29,nasa/ECOSTRESS-Data-Resources,3,2,1,1
2026-04-30,nasa/ECOSTRESS-Data-Resources,6,4,5,4
2026-04-23,nasa/EMIT-Data-Resources,60,17,2,2
2026-04-24,nasa/EMIT-Data-Resources,39,15,2,2
2026-04-25,nasa/EMIT-Data-Resources,19,9,1,1
2026-04-26,nasa/EMIT-Data-Resources,28,8,2,2
2026-04-27,nasa/EMIT-Data-Resources,42,17,4,3
2026-04-28,nasa/EMIT-Data-Resources,49,16,9,7
2026-04-29,nasa/EMIT-Data-Resources,34,18,2,2
2026-04-30,nasa/EMIT-Data-Resources,24,15,5,4
2026-04-24,nasa/GEDI-Data-Resources,16,9,1,1
2026-04-25,nasa/GEDI-Data-Resources,1,1,0,0
2026-04-26,nasa/GEDI-Data-Resources,35,6,0,0
2026-04-27,nasa/GEDI-Data-Resources,24,5,0,0
2026-04-28,nasa/GEDI-Data-Resources,40,9,3,2
2026-04-29,nasa/GEDI-Data-Resources,104,17,3,3
2026-04-30,nasa/GEDI-Data-Resources,34,7,5,4
2026-04-24,nasa/HLS-Data-Resources,50,10,2,2
2026-04-25,nasa/HLS-Data-Resources,35,13,1,1
2026-04-26,nasa/HLS-Data-Resources,2,1,2,2
2026-04-27,nasa/HLS-Data-Resources,29,9,2,2
2026-04-28,nasa/HLS-Data-Resources,7,7,5,4
2026-04-29,nasa/HLS-Data-Resources,12,8,2,2
2026-04-30,nasa/HLS-Data-Resources,27,9,6,5
2026-04-24,nasa/LPDAAC-Data-Resources,11,8,25,13
2026-04-25,nasa/LPDAAC-Data-Resources,4,4,5,4
2026-04-26,nasa/LPDAAC-Data-Resources,17,6,3,3
2026-04-27,nasa/LPDAAC-Data-Resources,11,8,3,2
2026-04-28,nasa/LPDAAC-Data-Resources,13,8,7,5
2026-04-29,nasa/LPDAAC-Data-Resources,33,12,4,3
2026-04-23,nasa/VITALS,7,3,18,11
2026-04-24,nasa/VITALS,26,3,4,3
2026-04-25,nasa/VITALS,2,2,3,2
2026-04-26,nasa/VITALS,1,1,1,1
2026-04-27,nasa/VITALS,1,1,3,2
2026-04-28,nasa/VITALS,2,2,7,4
2026-04-29,nasa/VITALS,1,1,4,3
2026-05-01,nasa/AppEEARS-Data-Resources,8,6,2,2
2026-05-02,nasa/AppEEARS-Data-Resources,9,5,0,0
2026-05-03,nasa/AppEEARS-Data-Resources,1,1,2,2
2026-05-04,nasa/AppEEARS-Data-Resources,15,7,0,0
2026-05-05,nasa/AppEEARS-Data-Resources,15,9,7,4
2026-05-06,nasa/AppEEARS-Data-Resources,0,0,2,2
2026-05-01,nasa/ECOSTRESS-Data-Resources,3,2,2,2
2026-05-02,nasa/ECOSTRESS-Data-Resources,1,1,0,0
2026-05-03,nasa/ECOSTRESS-Data-Resources,1,1,5,4
2026-05-04,nasa/ECOSTRESS-Data-Resources,15,7,1,1
2026-05-05,nasa/ECOSTRESS-Data-Resources,19,5,6,3
2026-05-06,nasa/ECOSTRESS-Data-Resources,11,6,3,3
2026-05-01,nasa/EMIT-Data-Resources,17,11,4,3
2026-05-02,nasa/EMIT-Data-Resources,6,6,1,1
2026-05-03,nasa/EMIT-Data-Resources,48,19,7,6
2026-05-04,nasa/EMIT-Data-Resources,67,19,0,0
2026-05-05,nasa/EMIT-Data-Resources,45,21,7,3
2026-05-06,nasa/EMIT-Data-Resources,21,10,1,1
2026-05-07,nasa/EMIT-Data-Resources,42,10,3,2
2026-05-01,nasa/GEDI-Data-Resources,23,5,1,1
2026-05-02,nasa/GEDI-Data-Resources,11,2,0,0
2026-05-03,nasa/GEDI-Data-Resources,24,4,1,1
2026-05-04,nasa/GEDI-Data-Resources,23,6,0,0
2026-05-05,nasa/GEDI-Data-Resources,20,8,6,3
2026-05-06,nasa/GEDI-Data-Resources,44,17,3,3
2026-05-01,nasa/HLS-Data-Resources,19,7,3,3
2026-05-02,nasa/HLS-Data-Resources,50,5,1,1
2026-05-03,nasa/HLS-Data-Resources,22,4,1,1
2026-05-04,nasa/HLS-Data-Resources,14,7,2,2
2026-05-05,nasa/HLS-Data-Resources,6,6,5,2
2026-05-06,nasa/HLS-Data-Resources,28,12,2,2
2026-04-30,nasa/LPDAAC-Data-Resources,22,11,9,7
2026-05-01,nasa/LPDAAC-Data-Resources,29,8,22,8
2026-05-02,nasa/LPDAAC-Data-Resources,8,7,4,3
2026-05-03,nasa/LPDAAC-Data-Resources,30,8,3,3
2026-05-04,nasa/LPDAAC-Data-Resources,17,8,4,2
2026-05-05,nasa/LPDAAC-Data-Resources,24,14,8,3
2026-05-06,nasa/LPDAAC-Data-Resources,16,13,3,2
2026-05-07,nasa/LPDAAC-Data-Resources,18,9,0,0
2026-04-30,nasa/VITALS,0,0,4,3
2026-05-01,nasa/VITALS,5,4,4,3
2026-05-02,nasa/VITALS,2,2,2,2
2026-05-03,nasa/VITALS,8,2,4,3
2026-05-04,nasa/VITALS,3,3,1,1
2026-05-05,nasa/VITALS,2,2,7,3
2026-05-06,nasa/VITALS,2,2,1,1
2026-05-07,nasa/AppEEARS-Data-Resources,3,2,1,1
2026-05-08,nasa/AppEEARS-Data-Resources,13,7,3,3
2026-05-09,nasa/AppEEARS-Data-Resources,4,3,3,3
2026-05-10,nasa/AppEEARS-Data-Resources,11,6,1,1
2026-05-11,nasa/AppEEARS-Data-Resources,5,5,1,1
2026-05-12,nasa/AppEEARS-Data-Resources,27,22,2,1
2026-05-13,nasa/AppEEARS-Data-Resources,22,13,0,0
2026-05-14,nasa/AppEEARS-Data-Resources,7,7,1,1
2026-05-07,nasa/ECOSTRESS-Data-Resources,20,5,0,0
2026-05-08,nasa/ECOSTRESS-Data-Resources,25,9,4,4
2026-05-09,nasa/ECOSTRESS-Data-Resources,2,2,2,2
2026-05-10,nasa/ECOSTRESS-Data-Resources,1,1,1,1
2026-05-11,nasa/ECOSTRESS-Data-Resources,11,6,1,1
2026-05-12,nasa/ECOSTRESS-Data-Resources,3,3,0,0
2026-05-13,nasa/ECOSTRESS-Data-Resources,4,2,0,0
2026-05-08,nasa/EMIT-Data-Resources,58,24,4,4
2026-05-09,nasa/EMIT-Data-Resources,27,12,2,2
2026-05-10,nasa/EMIT-Data-Resources,50,17,4,3
2026-05-11,nasa/EMIT-Data-Resources,27,18,1,1
2026-05-12,nasa/EMIT-Data-Resources,21,13,6,3
2026-05-13,nasa/EMIT-Data-Resources,45,17,3,2
2026-05-07,nasa/GEDI-Data-Resources,7,4,0,0
2026-05-08,nasa/GEDI-Data-Resources,12,8,2,2
2026-05-09,nasa/GEDI-Data-Resources,4,3,3,3
2026-05-10,nasa/GEDI-Data-Resources,10,3,2,2
2026-05-11,nasa/GEDI-Data-Resources,10,6,2,2
2026-05-12,nasa/GEDI-Data-Resources,15,11,1,1
2026-05-13,nasa/GEDI-Data-Resources,26,10,2,1
2026-05-14,nasa/GEDI-Data-Resources,25,4,9,2
2026-05-07,nasa/HLS-Data-Resources,7,5,0,0
2026-05-08,nasa/HLS-Data-Resources,16,9,15,14
2026-05-09,nasa/HLS-Data-Resources,2,2,3,3
2026-05-10,nasa/HLS-Data-Resources,5,4,2,2
2026-05-11,nasa/HLS-Data-Resources,18,11,1,1
2026-05-12,nasa/HLS-Data-Resources,75,41,2,1
2026-05-13,nasa/HLS-Data-Resources,29,12,12,4
2026-05-08,nasa/LPDAAC-Data-Resources,15,11,28,15
2026-05-09,nasa/LPDAAC-Data-Resources,11,8,6,6
2026-05-10,nasa/LPDAAC-Data-Resources,12,7,3,2
2026-05-11,nasa/LPDAAC-Data-Resources,10,6,2,2
2026-05-12,nasa/LPDAAC-Data-Resources,25,21,17,3
2026-05-13,nasa/LPDAAC-Data-Resources,38,13,1,1
2026-05-07,nasa/VITALS,3,2,2,1
2026-05-08,nasa/VITALS,25,4,2,2
2026-05-09,nasa/VITALS,0,0,5,4
2026-05-10,nasa/VITALS,2,2,1,1
2026-05-11,nasa/VITALS,3,2,4,3
2026-05-12,nasa/VITALS,1,1,3,2
2026-05-13,nasa/VITALS,7,2,2,2
2026-05-14,nasa/VITALS,8,2,4,3
2026-05-15,nasa/AppEEARS-Data-Resources,5,4,14,3
2026-05-16,nasa/AppEEARS-Data-Resources,2,1,10,3
2026-05-17,nasa/AppEEARS-Data-Resources,17,9,10,4
2026-05-18,nasa/AppEEARS-Data-Resources,15,13,8,8
2026-05-19,nasa/AppEEARS-Data-Resources,2,1,2,2
2026-05-20,nasa/AppEEARS-Data-Resources,7,5,1,1
2026-05-21,nasa/AppEEARS-Data-Resources,7,5,4,4
2026-05-14,nasa/ECOSTRESS-Data-Resources,4,4,8,2
2026-05-15,nasa/ECOSTRESS-Data-Resources,22,5,18,4
2026-05-16,nasa/ECOSTRESS-Data-Resources,6,5,19,4
2026-05-17,nasa/ECOSTRESS-Data-Resources,5,5,4,3
2026-05-18,nasa/ECOSTRESS-Data-Resources,6,4,9,9
2026-05-19,nasa/ECOSTRESS-Data-Resources,21,2,1,1
2026-05-20,nasa/ECOSTRESS-Data-Resources,12,5,2,2
2026-05-21,nasa/ECOSTRESS-Data-Resources,6,3,5,5
2026-05-14,nasa/EMIT-Data-Resources,65,23,9,2
2026-05-15,nasa/EMIT-Data-Resources,41,6,12,4
2026-05-16,nasa/EMIT-Data-Resources,14,6,11,3
2026-05-17,nasa/EMIT-Data-Resources,19,6,6,4
2026-05-18,nasa/EMIT-Data-Resources,18,14,8,8
2026-05-19,nasa/EMIT-Data-Resources,48,18,8,5
2026-05-20,nasa/EMIT-Data-Resources,17,9,2,2
2026-05-15,nasa/GEDI-Data-Resources,20,7,10,3
2026-05-16,nasa/GEDI-Data-Resources,6,4,12,4
2026-05-17,nasa/GEDI-Data-Resources,10,7,2,2
2026-05-18,nasa/GEDI-Data-Resources,10,7,9,9
2026-05-19,nasa/GEDI-Data-Resources,5,3,1,1
2026-05-20,nasa/GEDI-Data-Resources,20,5,2,2
2026-05-14,nasa/HLS-Data-Resources,19,11,10,3
2026-05-15,nasa/HLS-Data-Resources,19,7,2,2
2026-05-16,nasa/HLS-Data-Resources,8,2,11,3
2026-05-17,nasa/HLS-Data-Resources,4,2,1,1
2026-05-18,nasa/HLS-Data-Resources,22,11,9,9
2026-05-19,nasa/HLS-Data-Resources,20,8,9,5
2026-05-20,nasa/HLS-Data-Resources,67,8,2,2
2026-05-14,nasa/LPDAAC-Data-Resources,15,8,3,2
2026-05-15,nasa/LPDAAC-Data-Resources,22,10,26,8
2026-05-16,nasa/LPDAAC-Data-Resources,5,4,25,8
2026-05-17,nasa/LPDAAC-Data-Resources,5,3,2,2
2026-05-18,nasa/LPDAAC-Data-Resources,16,4,11,10
2026-05-19,nasa/LPDAAC-Data-Resources,16,10,1,1
2026-05-20,nasa/LPDAAC-Data-Resources,23,5,4,3
2026-05-15,nasa/VITALS,7,2,4,4
2026-05-16,nasa/VITALS,1,1,5,3
2026-05-17,nasa/VITALS,0,0,2,2
2026-05-18,nasa/VITALS,9,2,14,12
2026-05-19,nasa/VITALS,0,0,5,3
2026-05-20,nasa/VITALS,19,3,3,2
2026-05-22,nasa/AppEEARS-Data-Resources,8,7,5,5
2026-05-23,nasa/AppEEARS-Data-Resources,6,4,5,4
2026-05-24,nasa/AppEEARS-Data-Resources,6,6,2,2
2026-05-25,nasa/AppEEARS-Data-Resources,12,7,2,2
2026-05-26,nasa/AppEEARS-Data-Resources,9,7,2,2
2026-05-27,nasa/AppEEARS-Data-Resources,11,5,1,1
2026-05-28,nasa/AppEEARS-Data-Resources,4,4,3,3
2026-05-22,nasa/ECOSTRESS-Data-Resources,3,3,2,2
2026-05-23,nasa/ECOSTRESS-Data-Resources,6,5,4,3
2026-05-24,nasa/ECOSTRESS-Data-Resources,3,1,2,2
2026-05-25,nasa/ECOSTRESS-Data-Resources,16,6,3,3
2026-05-26,nasa/ECOSTRESS-Data-Resources,39,9,3,3
2026-05-27,nasa/ECOSTRESS-Data-Resources,20,6,1,1
2026-05-28,nasa/ECOSTRESS-Data-Resources,15,10,2,2
2026-05-21,nasa/EMIT-Data-Resources,28,11,8,7
2026-05-22,nasa/EMIT-Data-Resources,9,7,3,3
2026-05-23,nasa/EMIT-Data-Resources,59,4,10,8
2026-05-24,nasa/EMIT-Data-Resources,4,4,3,3
2026-05-25,nasa/EMIT-Data-Resources,13,10,6,5
2026-05-26,nasa/EMIT-Data-Resources,42,14,6,6
2026-05-27,nasa/EMIT-Data-Resources,50,19,5,4
2026-05-28,nasa/EMIT-Data-Resources,26,10,2,2
2026-05-21,nasa/GEDI-Data-Resources,30,12,6,6
2026-05-22,nasa/GEDI-Data-Resources,29,15,2,2
2026-05-23,nasa/GEDI-Data-Resources,25,4,6,5
2026-05-24,nasa/GEDI-Data-Resources,31,4,2,2
2026-05-25,nasa/GEDI-Data-Resources,15,8,2,2
2026-05-26,nasa/GEDI-Data-Resources,11,7,4,4
2026-05-27,nasa/GEDI-Data-Resources,22,14,2,2
2026-05-21,nasa/HLS-Data-Resources,28,11,4,4
2026-05-22,nasa/HLS-Data-Resources,9,7,5,4
2026-05-23,nasa/HLS-Data-Resources,9,5,8,7
2026-05-24,nasa/HLS-Data-Resources,9,6,2,2
2026-05-25,nasa/HLS-Data-Resources,9,8,5,5
2026-05-26,nasa/HLS-Data-Resources,16,7,4,4
2026-05-27,nasa/HLS-Data-Resources,17,11,1,1
2026-05-21,nasa/LPDAAC-Data-Resources,7,4,5,5
2026-05-22,nasa/LPDAAC-Data-Resources,46,6,17,11
2026-05-23,nasa/LPDAAC-Data-Resources,50,7,6,5
2026-05-24,nasa/LPDAAC-Data-Resources,41,6,5,4
2026-05-25,nasa/LPDAAC-Data-Resources,34,10,8,5
2026-05-26,nasa/LPDAAC-Data-Resources,44,8,3,2
2026-05-27,nasa/LPDAAC-Data-Resources,59,16,1,1
2026-05-21,nasa/VITALS,8,3,5,5
2026-05-22,nasa/VITALS,2,2,5,4
2026-05-23,nasa/VITALS,0,0,5,4
2026-05-24,nasa/VITALS,2,2,4,3
2026-05-25,nasa/VITALS,1,1,2,2
2026-05-26,nasa/VITALS,5,3,5,4
2026-05-27,nasa/VITALS,7,4,2,2
2026-05-29,nasa/AppEEARS-Data-Resources,4,3,1,1
2026-05-30,nasa/AppEEARS-Data-Resources,19,4,3,2
2026-05-31,nasa/AppEEARS-Data-Resources,1,1,3,3
2026-06-01,nasa/AppEEARS-Data-Resources,22,5,0,0
2026-06-02,nasa/AppEEARS-Data-Resources,5,5,1,1
2026-06-03,nasa/AppEEARS-Data-Resources,4,3,5,5
2026-06-04,nasa/AppEEARS-Data-Resources,13,7,9,9
2026-05-29,nasa/ECOSTRESS-Data-Resources,17,9,2,2
2026-05-30,nasa/ECOSTRESS-Data-Resources,16,4,3,2
2026-05-31,nasa/ECOSTRESS-Data-Resources,1,1,2,2
2026-06-01,nasa/ECOSTRESS-Data-Resources,8,2,0,0
2026-06-02,nasa/ECOSTRESS-Data-Resources,11,5,0,0
2026-06-03,nasa/ECOSTRESS-Data-Resources,5,4,4,4
2026-06-04,nasa/ECOSTRESS-Data-Resources,5,3,4,4
2026-05-29,nasa/EMIT-Data-Resources,21,6,1,1
2026-05-30,nasa/EMIT-Data-Resources,41,8,5,3
2026-05-31,nasa/EMIT-Data-Resources,42,5,2,2
2026-06-01,nasa/EMIT-Data-Resources,35,10,3,2
2026-06-02,nasa/EMIT-Data-Resources,17,8,1,1
2026-06-03,nasa/EMIT-Data-Resources,34,14,34,24
2026-06-04,nasa/EMIT-Data-Resources,58,16,6,6
2026-05-28,nasa/GEDI-Data-Resources,31,11,1,1
2026-05-29,nasa/GEDI-Data-Resources,17,9,1,1
2026-05-30,nasa/GEDI-Data-Resources,9,6,4,3
2026-05-31,nasa/GEDI-Data-Resources,11,6,2,2
2026-06-01,nasa/GEDI-Data-Resources,7,4,0,0
2026-06-02,nasa/GEDI-Data-Resources,7,5,2,2
2026-06-03,nasa/GEDI-Data-Resources,5,5,5,5
2026-06-04,nasa/GEDI-Data-Resources,13,8,12,12
2026-05-28,nasa/HLS-Data-Resources,32,10,1,1
2026-05-29,nasa/HLS-Data-Resources,7,4,0,0
2026-05-30,nasa/HLS-Data-Resources,17,3,3,2
2026-05-31,nasa/HLS-Data-Resources,6,4,2,2
2026-06-01,nasa/HLS-Data-Resources,14,7,1,1
2026-06-02,nasa/HLS-Data-Resources,23,8,2,2
2026-06-03,nasa/HLS-Data-Resources,14,7,3,3
2026-06-04,nasa/HLS-Data-Resources,30,11,17,14
2026-05-28,nasa/LPDAAC-Data-Resources,19,8,13,4
2026-05-29,nasa/LPDAAC-Data-Resources,45,10,20,8
2026-05-30,nasa/LPDAAC-Data-Resources,26,5,5,2
2026-05-31,nasa/LPDAAC-Data-Resources,27,9,2,2
2026-06-01,nasa/LPDAAC-Data-Resources,10,8,4,3
2026-06-02,nasa/LPDAAC-Data-Resources,15,7,1,1
2026-06-03,nasa/LPDAAC-Data-Resources,12,10,6,5
2026-06-04,nasa/LPDAAC-Data-Resources,15,10,37,27
2026-05-28,nasa/VITALS,2,2,2,2
2026-05-29,nasa/VITALS,1,1,3,2
2026-05-30,nasa/VITALS,2,2,5,4
2026-05-31,nasa/VITALS,0,0,4,3
2026-06-01,nasa/VITALS,1,1,0,0
2026-06-02,nasa/VITALS,1,1,3,2
2026-06-03,nasa/VITALS,4,3,3,3
2026-06-04,nasa/VITALS,8,2,31,21
2026-06-05,nasa/AppEEARS-Data-Resources,14,5,3,2
2026-06-06,nasa/AppEEARS-Data-Resources,2,2,4,3
2026-06-07,nasa/AppEEARS-Data-Resources,7,4,2,2
2026-06-08,nasa/AppEEARS-Data-Resources,8,5,0,0
2026-06-09,nasa/AppEEARS-Data-Resources,9,8,4,4
2026-06-10,nasa/AppEEARS-Data-Resources,17,10,1,1
2026-06-05,nasa/ECOSTRESS-Data-Resources,10,5,3,2
2026-06-06,nasa/ECOSTRESS-Data-Resources,4,3,4,3
2026-06-07,nasa/ECOSTRESS-Data-Resources,1,1,1,1
2026-06-08,nasa/ECOSTRESS-Data-Resources,8,3,0,0
2026-06-09,nasa/ECOSTRESS-Data-Resources,13,7,2,2
2026-06-10,nasa/ECOSTRESS-Data-Resources,9,3,2,2
2026-06-05,nasa/EMIT-Data-Resources,25,9,21,15
2026-06-06,nasa/EMIT-Data-Resources,25,8,4,3
2026-06-07,nasa/EMIT-Data-Resources,18,9,4,3
2026-06-08,nasa/EMIT-Data-Resources,84,11,7,7
2026-06-09,nasa/EMIT-Data-Resources,35,16,4,3
2026-06-10,nasa/EMIT-Data-Resources,40,15,1,1
2026-06-05,nasa/GEDI-Data-Resources,13,10,3,2
2026-06-06,nasa/GEDI-Data-Resources,7,5,4,3
2026-06-07,nasa/GEDI-Data-Resources,15,7,1,1
2026-06-08,nasa/GEDI-Data-Resources,22,7,1,1
2026-06-09,nasa/GEDI-Data-Resources,7,5,2,2
2026-06-10,nasa/GEDI-Data-Resources,14,11,4,4
2026-06-05,nasa/HLS-Data-Resources,29,14,3,2
2026-06-06,nasa/HLS-Data-Resources,12,9,20,16
2026-06-07,nasa/HLS-Data-Resources,11,5,2,2
2026-06-08,nasa/HLS-Data-Resources,26,13,3,3
2026-06-09,nasa/HLS-Data-Resources,41,9,3,3
2026-06-10,nasa/HLS-Data-Resources,25,10,8,8
2026-06-05,nasa/LPDAAC-Data-Resources,47,14,33,17
2026-06-06,nasa/LPDAAC-Data-Resources,10,6,4,3
2026-06-07,nasa/LPDAAC-Data-Resources,8,4,3,2
2026-06-08,nasa/LPDAAC-Data-Resources,19,12,1,1
2026-06-09,nasa/LPDAAC-Data-Resources,34,16,5,4
2026-06-10,nasa/LPDAAC-Data-Resources,56,20,9,8
2026-06-05,nasa/VITALS,2,2,5,4
2026-06-06,nasa/VITALS,0,0,24,21
2026-06-07,nasa/VITALS,0,0,1,1
2026-06-08,nasa/VITALS,1,1,0,0
2026-06-09,nasa/VITALS,6,4,4,3
2026-06-10,nasa/VITALS,18,4,6,6
2026-07-01,nasa/AppEEARS-Data-Resources,5,5,6,6
2026-07-02,nasa/AppEEARS-Data-Resources,18,3,10,7
2026-07-03,nasa/AppEEARS-Data-Resources,1,1,1,1
2026-07-04,nasa/AppEEARS-Data-Resources,2,2,2,2
2026-07-05,nasa/AppEEARS-Data-Resources,4,3,2,2
2026-07-06,nasa/AppEEARS-Data-Resources,6,4,4,4
2026-07-07,nasa/AppEEARS-Data-Resources,9,2,1,1
2026-07-08,nasa/AppEEARS-Data-Resources,13,6,3,3
2026-07-09,nasa/AppEEARS-Data-Resources,7,7,4,3
2026-07-10,nasa/AppEEARS-Data-Resources,13,8,63,6
2026-07-11,nasa/AppEEARS-Data-Resources,5,5,12,3
2026-07-12,nasa/AppEEARS-Data-Resources,14,7,2,2
2026-07-13,nasa/AppEEARS-Data-Resources,20,6,5,4
2026-07-14,nasa/AppEEARS-Data-Resources,14,8,27,15
2026-07-01,nasa/ECOSTRESS-Data-Resources,3,3,3,3
2026-07-02,nasa/ECOSTRESS-Data-Resources,5,5,4,4
2026-07-03,nasa/ECOSTRESS-Data-Resources,9,4,1,1
2026-07-04,nasa/ECOSTRESS-Data-Resources,12,5,1,1
2026-07-05,nasa/ECOSTRESS-Data-Resources,11,5,2,2
2026-07-06,nasa/ECOSTRESS-Data-Resources,5,4,4,4
2026-07-07,nasa/ECOSTRESS-Data-Resources,5,5,1,1
2026-07-08,nasa/ECOSTRESS-Data-Resources,6,5,5,4
2026-07-09,nasa/ECOSTRESS-Data-Resources,15,4,4,3
2026-07-10,nasa/ECOSTRESS-Data-Resources,11,5,2,2
2026-07-11,nasa/ECOSTRESS-Data-Resources,3,2,3,3
2026-07-12,nasa/ECOSTRESS-Data-Resources,3,1,17,4
2026-07-13,nasa/ECOSTRESS-Data-Resources,5,2,3,2
2026-07-14,nasa/ECOSTRESS-Data-Resources,14,7,4,3
2026-07-01,nasa/EMIT-Data-Resources,25,10,9,8
2026-07-02,nasa/EMIT-Data-Resources,31,10,16,16
2026-07-03,nasa/EMIT-Data-Resources,17,9,8,7
2026-07-04,nasa/EMIT-Data-Resources,6,6,5,5
2026-07-05,nasa/EMIT-Data-Resources,21,8,5,4
2026-07-06,nasa/EMIT-Data-Resources,50,12,5,4
2026-07-07,nasa/EMIT-Data-Resources,79,14,5,3
2026-07-08,nasa/EMIT-Data-Resources,36,12,8,8
2026-07-09,nasa/EMIT-Data-Resources,32,15,8,6
2026-07-10,nasa/EMIT-Data-Resources,37,13,4,3
2026-07-11,nasa/EMIT-Data-Resources,22,7,3,3
2026-07-12,nasa/EMIT-Data-Resources,115,12,42,6
2026-07-13,nasa/EMIT-Data-Resources,163,18,5,4
2026-07-14,nasa/EMIT-Data-Resources,78,32,9,8
2026-07-01,nasa/GEDI-Data-Resources,12,6,4,4
2026-07-02,nasa/GEDI-Data-Resources,31,6,4,4
2026-07-03,nasa/GEDI-Data-Resources,55,9,1,1
2026-07-04,nasa/GEDI-Data-Resources,24,5,2,2
2026-07-05,nasa/GEDI-Data-Resources,6,3,1,1
2026-07-06,nasa/GEDI-Data-Resources,28,10,5,5
2026-07-07,nasa/GEDI-Data-Resources,14,7,2,2
2026-07-08,nasa/GEDI-Data-Resources,10,5,3,3
2026-07-09,nasa/GEDI-Data-Resources,11,7,4,3
2026-07-10,nasa/GEDI-Data-Resources,22,8,1,1
2026-07-11,nasa/GEDI-Data-Resources,12,7,2,2
2026-07-12,nasa/GEDI-Data-Resources,25,6,16,6
2026-07-13,nasa/GEDI-Data-Resources,17,5,1,1
2026-07-14,nasa/GEDI-Data-Resources,21,8,4,3
2026-07-01,nasa/HLS-Data-Resources,31,13,7,7
2026-07-02,nasa/HLS-Data-Resources,4,3,5,5
2026-07-03,nasa/HLS-Data-Resources,13,5,1,1
2026-07-04,nasa/HLS-Data-Resources,24,6,2,2
2026-07-05,nasa/HLS-Data-Resources,15,6,2,2
2026-07-06,nasa/HLS-Data-Resources,10,6,3,3
2026-07-07,nasa/HLS-Data-Resources,31,9,1,1
2026-07-08,nasa/HLS-Data-Resources,49,11,4,4
2026-07-09,nasa/HLS-Data-Resources,25,7,4,3
2026-07-10,nasa/HLS-Data-Resources,42,11,3,3
2026-07-11,nasa/HLS-Data-Resources,4,4,17,5
2026-07-12,nasa/HLS-Data-Resources,19,6,4,4
2026-07-13,nasa/HLS-Data-Resources,9,8,4,4
2026-07-14,nasa/HLS-Data-Resources,13,7,6,5
2026-07-01,nasa/LPDAAC-Data-Resources,21,12,3,3
2026-07-02,nasa/LPDAAC-Data-Resources,25,8,9,8
2026-07-03,nasa/LPDAAC-Data-Resources,15,9,1,1
2026-07-04,nasa/LPDAAC-Data-Resources,17,11,3,2
2026-07-05,nasa/LPDAAC-Data-Resources,7,4,2,2
2026-07-06,nasa/LPDAAC-Data-Resources,12,9,5,4
2026-07-07,nasa/LPDAAC-Data-Resources,11,8,1,1
2026-07-08,nasa/LPDAAC-Data-Resources,5,4,5,4
2026-07-09,nasa/LPDAAC-Data-Resources,19,12,6,5
2026-07-10,nasa/LPDAAC-Data-Resources,40,9,5,4
2026-07-11,nasa/LPDAAC-Data-Resources,11,5,2,2
2026-07-12,nasa/LPDAAC-Data-Resources,16,3,13,4
2026-07-13,nasa/LPDAAC-Data-Resources,24,6,2,2
2026-07-14,nasa/LPDAAC-Data-Resources,17,7,7,5
2026-07-01,nasa/VITALS,3,3,5,4
2026-07-02,nasa/VITALS,5,3,4,4
2026-07-03,nasa/VITALS,14,6,3,2
2026-07-04,nasa/VITALS,2,1,2,2
2026-07-05,nasa/VITALS,1,1,4,3
2026-07-06,nasa/VITALS,7,2,3,3
2026-07-07,nasa/VITALS,18,5,3,2
2026-07-08,nasa/VITALS,8,4,6,6
2026-07-09,nasa/VITALS,26,5,6,4
2026-07-10,nasa/VITALS,65,5,20,12
2026-07-11,nasa/VITALS,5,5,68,7
2026-07-12,nasa/VITALS,1,1,4,3
2026-07-13,nasa/VITALS,22,5,16,7
2026-07-14,nasa/VITALS,72,7,58,25
